path,sha256,type,author,copyright,license,source_url,attribution,action
assets-src/brand/neonrelay-app-icon-master.png,aaa32c756dd830811bb311f190487e0a4c0d55a149d82481d504e094fc34566a,image/png,The Neon Relay Authors,(c) 2026 The Neon Relay Authors,Zlib,https://github.com/Leo88q/neon-relay (generated by scripts/build_brand_assets.py),"original Neon Relay artwork, created for this project",ship
assets-src/brand/neonrelay-banner-master.png,76eb22068d3f5fb76b2fa4015158c9744608e2b33b7720e0b23c0fe0836bd625,image/png,The Neon Relay Authors,(c) 2026 The Neon Relay Authors,Zlib,https://github.com/Leo88q/neon-relay (generated by scripts/build_brand_assets.py),"original Neon Relay artwork, created for this project",ship
assets-src/brand/neonrelay-server-icon-master.png,cb723bb3fd41888e28ee7c2c42cf11f5b8e56f1103b8781dbbbc67c8a747a7c3,image/png,The Neon Relay Authors,(c) 2026 The Neon Relay Authors,Zlib,https://github.com/Leo88q/neon-relay (generated by scripts/build_brand_assets.py),"original Neon Relay artwork, created for this project",ship
data/announcement.txt,e3b0c44298fc1c149afbf4c8996fb92427ae41e4649b934ca495991b7852b855,text/plain,DDNet contributors (no individual author named upstream),Copyright DDNet contributors (no individual author named upstream),CC-BY-SA-3.0,https://github.com/ddnet/ddnet/blob/a853d333ac9e61ebfa2899b4641f8b0658ba60d5/data/announcement.txt,upstream ships no author list for this directory (see docs/UPSTREAM_AUDIT.md §3),block-release
data/arrow.png,1e82f4c3d43f25e43eaaf567a7fe142e1afc3d82f38242de0c88f974bc4e683f,image/png,The Neon Relay Authors,(c) 2026 The Neon Relay Authors,Zlib,https://github.com/Leo88q/neon-relay (generated by scripts/build_neon_ui_art.py),"original Neon Relay UI art, procedurally generated (stage 16); replaces upstream artwork in place over the same filename",ship
data/assets/entities/comfort/ddnet.png,4cbf66df078a56ffaf245b658638a54f50b5dab5681e6bd6d7272dff42688e50,image/png,louis,Copyright louis,CC-BY-SA-3.0,https://github.com/ddnet/ddnet/blob/a853d333ac9e61ebfa2899b4641f8b0658ba60d5/data/assets/entities/comfort/ddnet.png,named in data/assets/entities/license.txt,ship
data/assets/entities/license.txt,0f664d5fe4b2f9d29748d082289ca4e18a367a57bc8857637df3d45edc08e794,text/plain,louis,Copyright louis,CC-BY-SA-3.0,https://github.com/ddnet/ddnet/blob/a853d333ac9e61ebfa2899b4641f8b0658ba60d5/data/assets/entities/license.txt,license notice for the comfort entity set,ship
data/assets/game/game_06.png,71b6d73ac299d4616194792b204d8118835327124058f6bf17e1a6a187e5319d,image/png,DDNet contributors (no individual author named upstream),Copyright DDNet contributors (no individual author named upstream),CC-BY-SA-3.0,https://github.com/ddnet/ddnet/blob/a853d333ac9e61ebfa2899b4641f8b0658ba60d5/data/assets/game/game_06.png,upstream ships no author list for this directory (see docs/UPSTREAM_AUDIT.md §3),block-release
data/audio/foley_body_impact-01.wav,96358525a031e603b225d6682cab6059924978601ecbfc30ce4ba078e60d1750,.wav,The Neon Relay Authors,(c) 2026 The Neon Relay Authors,Zlib,https://github.com/Leo88q/neon-relay (generated by scripts/build_neon_sounds.py),original procedurally synthesised Neon Relay sound effect (BL-18),ship
data/audio/foley_body_impact-02.wav,2c42a44970ef4ff435a929a931fb896157742cc4fbfbd5a70e2712a5f08ca10a,.wav,The Neon Relay Authors,(c) 2026 The Neon Relay Authors,Zlib,https://github.com/Leo88q/neon-relay (generated by scripts/build_neon_sounds.py),original procedurally synthesised Neon Relay sound effect (BL-18),ship
data/audio/foley_body_impact-03.wav,6a80fb29f19ace20889dc2aa833643e32f47204b83957f3f218907a8252afeef,.wav,The Neon Relay Authors,(c) 2026 The Neon Relay Authors,Zlib,https://github.com/Leo88q/neon-relay (generated by scripts/build_neon_sounds.py),original procedurally synthesised Neon Relay sound effect (BL-18),ship
data/audio/foley_body_splat-01.wav,8a38b9eec07f460cd9ed25ab23d3b02f5692f11368e19e7659eb27de2bb09728,.wav,The Neon Relay Authors,(c) 2026 The Neon Relay Authors,Zlib,https://github.com/Leo88q/neon-relay (generated by scripts/build_neon_sounds.py),original procedurally synthesised Neon Relay sound effect (BL-18),ship
data/audio/foley_body_splat-02.wav,6e0865745275a070c23f454a49cf432f26dd9d6c5532399481a2b592ce375a74,.wav,The Neon Relay Authors,(c) 2026 The Neon Relay Authors,Zlib,https://github.com/Leo88q/neon-relay (generated by scripts/build_neon_sounds.py),original procedurally synthesised Neon Relay sound effect (BL-18),ship
data/audio/foley_body_splat-03.wav,4b9cf6542509e071d0facd074b4262fbf53b4a2c1febc3e6b8a8a8652d151ff5,.wav,The Neon Relay Authors,(c) 2026 The Neon Relay Authors,Zlib,https://github.com/Leo88q/neon-relay (generated by scripts/build_neon_sounds.py),original procedurally synthesised Neon Relay sound effect (BL-18),ship
data/audio/foley_body_splat-04.wav,faa5363fc9386683b2be7cd89b884e5c3d034b65ab3cdff960c366414f04923d,.wav,The Neon Relay Authors,(c) 2026 The Neon Relay Authors,Zlib,https://github.com/Leo88q/neon-relay (generated by scripts/build_neon_sounds.py),original procedurally synthesised Neon Relay sound effect (BL-18),ship
data/audio/foley_dbljump-01.wav,02466b0dd128090862e4d0c7b649d56598e93e939733a03e79e9f2b37027cf7e,.wav,The Neon Relay Authors,(c) 2026 The Neon Relay Authors,Zlib,https://github.com/Leo88q/neon-relay (generated by scripts/build_neon_sounds.py),original procedurally synthesised Neon Relay sound effect (BL-18),ship
data/audio/foley_dbljump-02.wav,615fda8b50d10e34b5176eede2a6982c5553e950d9e2b50fbe9745ecf2921f49,.wav,The Neon Relay Authors,(c) 2026 The Neon Relay Authors,Zlib,https://github.com/Leo88q/neon-relay (generated by scripts/build_neon_sounds.py),original procedurally synthesised Neon Relay sound effect (BL-18),ship
data/audio/foley_dbljump-03.wav,f9a919702184187a135f97069765f181fa5f010a16c5dbbdcc077d2995840a08,.wav,The Neon Relay Authors,(c) 2026 The Neon Relay Authors,Zlib,https://github.com/Leo88q/neon-relay (generated by scripts/build_neon_sounds.py),original procedurally synthesised Neon Relay sound effect (BL-18),ship
data/audio/foley_foot_left-01.wav,d1b8014c5c1109b843a02869c2169cd988766c3d4de7e1bded4cd7860749d130,.wav,The Neon Relay Authors,(c) 2026 The Neon Relay Authors,Zlib,https://github.com/Leo88q/neon-relay (generated by scripts/build_neon_sounds.py),original procedurally synthesised Neon Relay sound effect (BL-18),ship
data/audio/foley_foot_left-02.wav,798f0b53368bbef0e9ca33e267c2a5dc5dcd6967f4bd6570470352efab76556a,.wav,The Neon Relay Authors,(c) 2026 The Neon Relay Authors,Zlib,https://github.com/Leo88q/neon-relay (generated by scripts/build_neon_sounds.py),original procedurally synthesised Neon Relay sound effect (BL-18),ship
data/audio/foley_foot_left-03.wav,4fcd8df4ccdb6f9ec840c233b7a0e8816aa8c4564c5f69b140a2729c57a96c95,.wav,The Neon Relay Authors,(c) 2026 The Neon Relay Authors,Zlib,https://github.com/Leo88q/neon-relay (generated by scripts/build_neon_sounds.py),original procedurally synthesised Neon Relay sound effect (BL-18),ship
data/audio/foley_foot_left-04.wav,f80e5a9d25778b559120c04c889b64e1bc0451c7475c90e678bc3e438e20ee67,.wav,The Neon Relay Authors,(c) 2026 The Neon Relay Authors,Zlib,https://github.com/Leo88q/neon-relay (generated by scripts/build_neon_sounds.py),original procedurally synthesised Neon Relay sound effect (BL-18),ship
data/audio/foley_foot_right-01.wav,5f378841f35c68353ebf516a2e7a97b889f9808a29a568fff73a6e83a1901e7c,.wav,The Neon Relay Authors,(c) 2026 The Neon Relay Authors,Zlib,https://github.com/Leo88q/neon-relay (generated by scripts/build_neon_sounds.py),original procedurally synthesised Neon Relay sound effect (BL-18),ship
data/audio/foley_foot_right-02.wav,0829a14c8593444f7d04868fd4fab8120d04dc636537c6027a1c2d21f8f52d37,.wav,The Neon Relay Authors,(c) 2026 The Neon Relay Authors,Zlib,https://github.com/Leo88q/neon-relay (generated by scripts/build_neon_sounds.py),original procedurally synthesised Neon Relay sound effect (BL-18),ship
data/audio/foley_foot_right-03.wav,73f90e64fce831609d9bb754a5959ffb0a88f0c2d331a5074e63c61a979b4ba2,.wav,The Neon Relay Authors,(c) 2026 The Neon Relay Authors,Zlib,https://github.com/Leo88q/neon-relay (generated by scripts/build_neon_sounds.py),original procedurally synthesised Neon Relay sound effect (BL-18),ship
data/audio/foley_foot_right-04.wav,8a04a1500a3a87f8f4a30ca7892d8f38edcbac017072cd3a4c6b6747ee7b13a9,.wav,The Neon Relay Authors,(c) 2026 The Neon Relay Authors,Zlib,https://github.com/Leo88q/neon-relay (generated by scripts/build_neon_sounds.py),original procedurally synthesised Neon Relay sound effect (BL-18),ship
data/audio/foley_land-01.wav,42561e2fef3a698da5c808b9b5955f0b6026ce3c47633807fe23240c7e6839e2,.wav,The Neon Relay Authors,(c) 2026 The Neon Relay Authors,Zlib,https://github.com/Leo88q/neon-relay (generated by scripts/build_neon_sounds.py),original procedurally synthesised Neon Relay sound effect (BL-18),ship
data/audio/foley_land-02.wav,14e635a287ff93dcb9de74ed58c6570d2ffed1c294038e549acef73d359d0faf,.wav,The Neon Relay Authors,(c) 2026 The Neon Relay Authors,Zlib,https://github.com/Leo88q/neon-relay (generated by scripts/build_neon_sounds.py),original procedurally synthesised Neon Relay sound effect (BL-18),ship
data/audio/foley_land-03.wav,787d9b93f7d11333ceb9b44910c57c079248d6d8cf86db3d4c392086563ec9d7,.wav,The Neon Relay Authors,(c) 2026 The Neon Relay Authors,Zlib,https://github.com/Leo88q/neon-relay (generated by scripts/build_neon_sounds.py),original procedurally synthesised Neon Relay sound effect (BL-18),ship
data/audio/foley_land-04.wav,cbd670a88872d9654e949aa29dbb48d2149dbb51119d343aa69d3ec559157fd7,.wav,The Neon Relay Authors,(c) 2026 The Neon Relay Authors,Zlib,https://github.com/Leo88q/neon-relay (generated by scripts/build_neon_sounds.py),original procedurally synthesised Neon Relay sound effect (BL-18),ship
data/audio/hook_attach-01.wav,03be73167553eab5f904659bddefbfa1254677e5323a02a76581352f2155b24f,.wav,The Neon Relay Authors,(c) 2026 The Neon Relay Authors,Zlib,https://github.com/Leo88q/neon-relay (generated by scripts/build_neon_sounds.py),original procedurally synthesised Neon Relay sound effect (BL-18),ship
data/audio/hook_attach-02.wav,75a67692786672f69b9ad0c844bbbe9688cab756b3e54fa1b2eff756180ddb00,.wav,The Neon Relay Authors,(c) 2026 The Neon Relay Authors,Zlib,https://github.com/Leo88q/neon-relay (generated by scripts/build_neon_sounds.py),original procedurally synthesised Neon Relay sound effect (BL-18),ship
data/audio/hook_attach-03.wav,7d4d54715ed1714ea93347c1b5c8bbd106377234a60341cdb4af72ad6e8c00aa,.wav,The Neon Relay Authors,(c) 2026 The Neon Relay Authors,Zlib,https://github.com/Leo88q/neon-relay (generated by scripts/build_neon_sounds.py),original procedurally synthesised Neon Relay sound effect (BL-18),ship
data/audio/hook_loop-01.wav,c393f7d2d689676ea0d1eed1d43986d7b84f06f13107b8526dc6c75414217ced,.wav,The Neon Relay Authors,(c) 2026 The Neon Relay Authors,Zlib,https://github.com/Leo88q/neon-relay (generated by scripts/build_neon_sounds.py),original procedurally synthesised Neon Relay sound effect (BL-18),ship
data/audio/hook_loop-02.wav,c393f7d2d689676ea0d1eed1d43986d7b84f06f13107b8526dc6c75414217ced,.wav,The Neon Relay Authors,(c) 2026 The Neon Relay Authors,Zlib,https://github.com/Leo88q/neon-relay (generated by scripts/build_neon_sounds.py),original procedurally synthesised Neon Relay sound effect (BL-18),ship
data/audio/hook_noattach-01.wav,28ec9fa1494f4edb7590fa865002340aa997982f89fa9bd094e5a4c65d7e72c2,.wav,The Neon Relay Authors,(c) 2026 The Neon Relay Authors,Zlib,https://github.com/Leo88q/neon-relay (generated by scripts/build_neon_sounds.py),original procedurally synthesised Neon Relay sound effect (BL-18),ship
data/audio/hook_noattach-02.wav,e699e446349bad8e380ff05e09f07951984a1cc2f8306177efb5796cf0bd2c7a,.wav,The Neon Relay Authors,(c) 2026 The Neon Relay Authors,Zlib,https://github.com/Leo88q/neon-relay (generated by scripts/build_neon_sounds.py),original procedurally synthesised Neon Relay sound effect (BL-18),ship
data/audio/hook_noattach-03.wav,bce613d1615efdc90a810d1a3b576f1c451c0c3db4c1adf774ab9d5c3171d6cc,.wav,The Neon Relay Authors,(c) 2026 The Neon Relay Authors,Zlib,https://github.com/Leo88q/neon-relay (generated by scripts/build_neon_sounds.py),original procedurally synthesised Neon Relay sound effect (BL-18),ship
data/audio/music_menu.wav,16f61280ebbfdda16bdae06e44d668fa806bd9c3cea21dcac59bc46d7b1a1bfe,.wav,The Neon Relay Authors,(c) 2026 The Neon Relay Authors,Zlib,https://github.com/Leo88q/neon-relay (generated by scripts/build_neon_sounds.py),original procedurally synthesised Neon Relay sound effect (BL-18),ship
data/audio/sfx_ctf_cap_pl.wav,e51095bb44282e111ddbe887fffecfa76acf7556a9a7e1f8ee16c27dc7057139,.wav,The Neon Relay Authors,(c) 2026 The Neon Relay Authors,Zlib,https://github.com/Leo88q/neon-relay (generated by scripts/build_neon_sounds.py),original procedurally synthesised Neon Relay sound effect (BL-18),ship
data/audio/sfx_ctf_drop.wav,f0df2637133068fc299ec9d53031d3e3817aabc11bab44d478b77d7e346302d4,.wav,The Neon Relay Authors,(c) 2026 The Neon Relay Authors,Zlib,https://github.com/Leo88q/neon-relay (generated by scripts/build_neon_sounds.py),original procedurally synthesised Neon Relay sound effect (BL-18),ship
data/audio/sfx_ctf_grab_en.wav,f286452d2ca108c7ab1f52e27a498e59eeb06b874fa526458617abf3ab463967,.wav,The Neon Relay Authors,(c) 2026 The Neon Relay Authors,Zlib,https://github.com/Leo88q/neon-relay (generated by scripts/build_neon_sounds.py),original procedurally synthesised Neon Relay sound effect (BL-18),ship
data/audio/sfx_ctf_grab_pl.wav,96121835f32de09aeeddb60ef3b07f3b4c1895d4089ba26c53a833d9f0ea5a8b,.wav,The Neon Relay Authors,(c) 2026 The Neon Relay Authors,Zlib,https://github.com/Leo88q/neon-relay (generated by scripts/build_neon_sounds.py),original procedurally synthesised Neon Relay sound effect (BL-18),ship
data/audio/sfx_ctf_rtn.wav,03be99341df57e074d6d5c88b0b34a7e0f27f913d7de9c9120fb2659a719a01f,.wav,The Neon Relay Authors,(c) 2026 The Neon Relay Authors,Zlib,https://github.com/Leo88q/neon-relay (generated by scripts/build_neon_sounds.py),original procedurally synthesised Neon Relay sound effect (BL-18),ship
data/audio/sfx_hit_strong-01.wav,e0e8e09c054e9e10b6af8fb156e7370994e98d7a17beeac557835135683e4095,.wav,The Neon Relay Authors,(c) 2026 The Neon Relay Authors,Zlib,https://github.com/Leo88q/neon-relay (generated by scripts/build_neon_sounds.py),original procedurally synthesised Neon Relay sound effect (BL-18),ship
data/audio/sfx_hit_strong-02.wav,f19c648ebaf17035a0bb5ab4853bd69548e3a2ff4ef75c2ed61e022e7b606116,.wav,The Neon Relay Authors,(c) 2026 The Neon Relay Authors,Zlib,https://github.com/Leo88q/neon-relay (generated by scripts/build_neon_sounds.py),original procedurally synthesised Neon Relay sound effect (BL-18),ship
data/audio/sfx_hit_weak-01.wav,630a3d1feb38e182d589b9c5557ed70088e5fc556156922fbb8e40e0b178f8ce,.wav,The Neon Relay Authors,(c) 2026 The Neon Relay Authors,Zlib,https://github.com/Leo88q/neon-relay (generated by scripts/build_neon_sounds.py),original procedurally synthesised Neon Relay sound effect (BL-18),ship
data/audio/sfx_hit_weak-02.wav,10f8dd4913922c492bf3aa1fd6ab6190012910c23252b67ea0b52aaaaa7cf41a,.wav,The Neon Relay Authors,(c) 2026 The Neon Relay Authors,Zlib,https://github.com/Leo88q/neon-relay (generated by scripts/build_neon_sounds.py),original procedurally synthesised Neon Relay sound effect (BL-18),ship
data/audio/sfx_hit_weak-03.wav,6da737bcec96b855377eb270bf66d3840454cd49c97a871d5610b6791afc253f,.wav,The Neon Relay Authors,(c) 2026 The Neon Relay Authors,Zlib,https://github.com/Leo88q/neon-relay (generated by scripts/build_neon_sounds.py),original procedurally synthesised Neon Relay sound effect (BL-18),ship
data/audio/sfx_msg-client.wav,c631349d267d0e0b5f0840ca5fd90b5ccf4cf13d71e6c0d923452b59c5622fdf,.wav,The Neon Relay Authors,(c) 2026 The Neon Relay Authors,Zlib,https://github.com/Leo88q/neon-relay (generated by scripts/build_neon_sounds.py),original procedurally synthesised Neon Relay sound effect (BL-18),ship
data/audio/sfx_msg-highlight.wav,1e2e6f9603bb5e6bae670dd453d2ac7c27409a0955f7212567bb810564ac4055,.wav,The Neon Relay Authors,(c) 2026 The Neon Relay Authors,Zlib,https://github.com/Leo88q/neon-relay (generated by scripts/build_neon_sounds.py),original procedurally synthesised Neon Relay sound effect (BL-18),ship
data/audio/sfx_msg-server.wav,08b0ef776e938e19360ea637a949d3e25d273bdf5d7a4b10ffb8f03ee6328105,.wav,The Neon Relay Authors,(c) 2026 The Neon Relay Authors,Zlib,https://github.com/Leo88q/neon-relay (generated by scripts/build_neon_sounds.py),original procedurally synthesised Neon Relay sound effect (BL-18),ship
data/audio/sfx_pickup_arm-01.wav,9101f164df71621bd5a61aa71a7cf26ddea53607381f30f32ae2ac13e10eeb8b,.wav,The Neon Relay Authors,(c) 2026 The Neon Relay Authors,Zlib,https://github.com/Leo88q/neon-relay (generated by scripts/build_neon_sounds.py),original procedurally synthesised Neon Relay sound effect (BL-18),ship
data/audio/sfx_pickup_arm-02.wav,9101f164df71621bd5a61aa71a7cf26ddea53607381f30f32ae2ac13e10eeb8b,.wav,The Neon Relay Authors,(c) 2026 The Neon Relay Authors,Zlib,https://github.com/Leo88q/neon-relay (generated by scripts/build_neon_sounds.py),original procedurally synthesised Neon Relay sound effect (BL-18),ship
data/audio/sfx_pickup_arm-03.wav,9101f164df71621bd5a61aa71a7cf26ddea53607381f30f32ae2ac13e10eeb8b,.wav,The Neon Relay Authors,(c) 2026 The Neon Relay Authors,Zlib,https://github.com/Leo88q/neon-relay (generated by scripts/build_neon_sounds.py),original procedurally synthesised Neon Relay sound effect (BL-18),ship
data/audio/sfx_pickup_arm-04.wav,9101f164df71621bd5a61aa71a7cf26ddea53607381f30f32ae2ac13e10eeb8b,.wav,The Neon Relay Authors,(c) 2026 The Neon Relay Authors,Zlib,https://github.com/Leo88q/neon-relay (generated by scripts/build_neon_sounds.py),original procedurally synthesised Neon Relay sound effect (BL-18),ship
data/audio/sfx_pickup_gun.wav,95e17edc306147203012a9c64b44e2259a4ba7cbd1ea7a97d069f840fc671f7e,.wav,The Neon Relay Authors,(c) 2026 The Neon Relay Authors,Zlib,https://github.com/Leo88q/neon-relay (generated by scripts/build_neon_sounds.py),original procedurally synthesised Neon Relay sound effect (BL-18),ship
data/audio/sfx_pickup_hrt-01.wav,0333f377ebae31ebe09b9d8e19e58c50eddc4b29a9cc000d7cf5ba3942c28e2c,.wav,The Neon Relay Authors,(c) 2026 The Neon Relay Authors,Zlib,https://github.com/Leo88q/neon-relay (generated by scripts/build_neon_sounds.py),original procedurally synthesised Neon Relay sound effect (BL-18),ship
data/audio/sfx_pickup_hrt-02.wav,0333f377ebae31ebe09b9d8e19e58c50eddc4b29a9cc000d7cf5ba3942c28e2c,.wav,The Neon Relay Authors,(c) 2026 The Neon Relay Authors,Zlib,https://github.com/Leo88q/neon-relay (generated by scripts/build_neon_sounds.py),original procedurally synthesised Neon Relay sound effect (BL-18),ship
data/audio/sfx_pickup_launcher.wav,b9544951e82c94b7642f82aff71af7ae7a6d3d633e831bf844ea22c757a9b210,.wav,The Neon Relay Authors,(c) 2026 The Neon Relay Authors,Zlib,https://github.com/Leo88q/neon-relay (generated by scripts/build_neon_sounds.py),original procedurally synthesised Neon Relay sound effect (BL-18),ship
data/audio/sfx_pickup_ninja.wav,ce2351933de6a578b26c2c7de300b29bfff9c797ffbc92d3db1f29a84b646dea,.wav,The Neon Relay Authors,(c) 2026 The Neon Relay Authors,Zlib,https://github.com/Leo88q/neon-relay (generated by scripts/build_neon_sounds.py),original procedurally synthesised Neon Relay sound effect (BL-18),ship
data/audio/sfx_pickup_sg.wav,6761b06a99d1076c2edc169350afe432758fe5c0a6f48f2a6dd8d0a9547a0ab5,.wav,The Neon Relay Authors,(c) 2026 The Neon Relay Authors,Zlib,https://github.com/Leo88q/neon-relay (generated by scripts/build_neon_sounds.py),original procedurally synthesised Neon Relay sound effect (BL-18),ship
data/audio/sfx_skid-01.wav,c6f3d510418f052f770467a07312f60a7225a5c4ffaefe23995708f807bbe414,.wav,The Neon Relay Authors,(c) 2026 The Neon Relay Authors,Zlib,https://github.com/Leo88q/neon-relay (generated by scripts/build_neon_sounds.py),original procedurally synthesised Neon Relay sound effect (BL-18),ship
data/audio/sfx_skid-02.wav,88a2b5d7d1742515587492646ea8daaf2cd007a76fc58c9be24491a699492807,.wav,The Neon Relay Authors,(c) 2026 The Neon Relay Authors,Zlib,https://github.com/Leo88q/neon-relay (generated by scripts/build_neon_sounds.py),original procedurally synthesised Neon Relay sound effect (BL-18),ship
data/audio/sfx_skid-03.wav,1c41274634347103ceefb57dcd954ba526ff49ca7f414e3a50bc4ce6ae896617,.wav,The Neon Relay Authors,(c) 2026 The Neon Relay Authors,Zlib,https://github.com/Leo88q/neon-relay (generated by scripts/build_neon_sounds.py),original procedurally synthesised Neon Relay sound effect (BL-18),ship
data/audio/sfx_skid-04.wav,31af2919395f9110bfcdeeb81332ec6727c83b39de9e0e527d18b36d8da7e0ae,.wav,The Neon Relay Authors,(c) 2026 The Neon Relay Authors,Zlib,https://github.com/Leo88q/neon-relay (generated by scripts/build_neon_sounds.py),original procedurally synthesised Neon Relay sound effect (BL-18),ship
data/audio/sfx_spawn_wpn-01.wav,6f36490ea7a4ecacbd14a047ed6913a1667f1dfcaffe80acdd432bcfdd5038a6,.wav,The Neon Relay Authors,(c) 2026 The Neon Relay Authors,Zlib,https://github.com/Leo88q/neon-relay (generated by scripts/build_neon_sounds.py),original procedurally synthesised Neon Relay sound effect (BL-18),ship
data/audio/sfx_spawn_wpn-02.wav,6f36490ea7a4ecacbd14a047ed6913a1667f1dfcaffe80acdd432bcfdd5038a6,.wav,The Neon Relay Authors,(c) 2026 The Neon Relay Authors,Zlib,https://github.com/Leo88q/neon-relay (generated by scripts/build_neon_sounds.py),original procedurally synthesised Neon Relay sound effect (BL-18),ship
data/audio/sfx_spawn_wpn-03.wav,6f36490ea7a4ecacbd14a047ed6913a1667f1dfcaffe80acdd432bcfdd5038a6,.wav,The Neon Relay Authors,(c) 2026 The Neon Relay Authors,Zlib,https://github.com/Leo88q/neon-relay (generated by scripts/build_neon_sounds.py),original procedurally synthesised Neon Relay sound effect (BL-18),ship
data/audio/vo_teefault_cry-01.wav,3b87da68d46a925eeb0309f99651b93b31dde9314a7f0894a850586e97d2196f,.wav,The Neon Relay Authors,(c) 2026 The Neon Relay Authors,Zlib,https://github.com/Leo88q/neon-relay (generated by scripts/build_neon_sounds.py),original procedurally synthesised Neon Relay sound effect (BL-18),ship
data/audio/vo_teefault_cry-02.wav,3b87da68d46a925eeb0309f99651b93b31dde9314a7f0894a850586e97d2196f,.wav,The Neon Relay Authors,(c) 2026 The Neon Relay Authors,Zlib,https://github.com/Leo88q/neon-relay (generated by scripts/build_neon_sounds.py),original procedurally synthesised Neon Relay sound effect (BL-18),ship
data/audio/vo_teefault_ninja-01.wav,18546dc98333115345a08be504531993f0c56a5fdbee50f04f952a940ff9efd0,.wav,The Neon Relay Authors,(c) 2026 The Neon Relay Authors,Zlib,https://github.com/Leo88q/neon-relay (generated by scripts/build_neon_sounds.py),original procedurally synthesised Neon Relay sound effect (BL-18),ship
data/audio/vo_teefault_ninja-02.wav,e37af0ba4a3d3c9a9053fa64be1c2c566f52f1f7a3bfe06f476fc9795198d58f,.wav,The Neon Relay Authors,(c) 2026 The Neon Relay Authors,Zlib,https://github.com/Leo88q/neon-relay (generated by scripts/build_neon_sounds.py),original procedurally synthesised Neon Relay sound effect (BL-18),ship
data/audio/vo_teefault_ninja-03.wav,ba4d52ff543f7499c31c88c42955749cd80eb13c2ef6bedc32d15bf46813b610,.wav,The Neon Relay Authors,(c) 2026 The Neon Relay Authors,Zlib,https://github.com/Leo88q/neon-relay (generated by scripts/build_neon_sounds.py),original procedurally synthesised Neon Relay sound effect (BL-18),ship
data/audio/vo_teefault_ninja-04.wav,33a517b10b6a40e5e90432f688b4784f8930dd8986ad3523dfc5b168fe2796db,.wav,The Neon Relay Authors,(c) 2026 The Neon Relay Authors,Zlib,https://github.com/Leo88q/neon-relay (generated by scripts/build_neon_sounds.py),original procedurally synthesised Neon Relay sound effect (BL-18),ship
data/audio/vo_teefault_pain_long-01.wav,fc04ffaa3d490bc9fd678b1fd7727c95e8527daba6da97912e8bb1d97eb8976d,.wav,The Neon Relay Authors,(c) 2026 The Neon Relay Authors,Zlib,https://github.com/Leo88q/neon-relay (generated by scripts/build_neon_sounds.py),original procedurally synthesised Neon Relay sound effect (BL-18),ship
data/audio/vo_teefault_pain_long-02.wav,fc04ffaa3d490bc9fd678b1fd7727c95e8527daba6da97912e8bb1d97eb8976d,.wav,The Neon Relay Authors,(c) 2026 The Neon Relay Authors,Zlib,https://github.com/Leo88q/neon-relay (generated by scripts/build_neon_sounds.py),original procedurally synthesised Neon Relay sound effect (BL-18),ship
data/audio/vo_teefault_pain_short-01.wav,f5667b270e2f2b26bf0a4cbb6a2496df6fe8bb6f71eefcf0d1c6b3ebcaeecae7,.wav,The Neon Relay Authors,(c) 2026 The Neon Relay Authors,Zlib,https://github.com/Leo88q/neon-relay (generated by scripts/build_neon_sounds.py),original procedurally synthesised Neon Relay sound effect (BL-18),ship
data/audio/vo_teefault_pain_short-02.wav,aaf6c648c77f357cc7cd3d09225acf7b4810a9874b0d1666e30a5e47feca3a3c,.wav,The Neon Relay Authors,(c) 2026 The Neon Relay Authors,Zlib,https://github.com/Leo88q/neon-relay (generated by scripts/build_neon_sounds.py),original procedurally synthesised Neon Relay sound effect (BL-18),ship
data/audio/vo_teefault_pain_short-03.wav,73f941baedb9cfa0d5212ae4643a74f81355451f4d6e1d618be980e6ee9cd3e9,.wav,The Neon Relay Authors,(c) 2026 The Neon Relay Authors,Zlib,https://github.com/Leo88q/neon-relay (generated by scripts/build_neon_sounds.py),original procedurally synthesised Neon Relay sound effect (BL-18),ship
data/audio/vo_teefault_pain_short-04.wav,9e6720ca4f4679be9b4dad97ad99c6a1d850e1d1540c85b2f2f42c4759c9fdc3,.wav,The Neon Relay Authors,(c) 2026 The Neon Relay Authors,Zlib,https://github.com/Leo88q/neon-relay (generated by scripts/build_neon_sounds.py),original procedurally synthesised Neon Relay sound effect (BL-18),ship
data/audio/vo_teefault_pain_short-05.wav,fca895003fd5d368cb8860af82c4506fb2918b32b4455e81da229ba76d216f61,.wav,The Neon Relay Authors,(c) 2026 The Neon Relay Authors,Zlib,https://github.com/Leo88q/neon-relay (generated by scripts/build_neon_sounds.py),original procedurally synthesised Neon Relay sound effect (BL-18),ship
data/audio/vo_teefault_pain_short-06.wav,9f7bd61f6e9cfe75a4c8a026e8f229c811d827bf9899e72ed758d8c729c53d85,.wav,The Neon Relay Authors,(c) 2026 The Neon Relay Authors,Zlib,https://github.com/Leo88q/neon-relay (generated by scripts/build_neon_sounds.py),original procedurally synthesised Neon Relay sound effect (BL-18),ship
data/audio/vo_teefault_pain_short-07.wav,4a9b4fa86858a9a12aa516448c605aec6b28e499a9184cd0c338da5b928a79d2,.wav,The Neon Relay Authors,(c) 2026 The Neon Relay Authors,Zlib,https://github.com/Leo88q/neon-relay (generated by scripts/build_neon_sounds.py),original procedurally synthesised Neon Relay sound effect (BL-18),ship
data/audio/vo_teefault_pain_short-08.wav,362fa9e0efe26d304b1c51a2d2028b12cc0596b63401a9ba94ea2e056092b13d,.wav,The Neon Relay Authors,(c) 2026 The Neon Relay Authors,Zlib,https://github.com/Leo88q/neon-relay (generated by scripts/build_neon_sounds.py),original procedurally synthesised Neon Relay sound effect (BL-18),ship
data/audio/vo_teefault_pain_short-09.wav,7c518f236cfeab8c97f47d644c6a4c15dc1c0e3209a14d44f11b925fc4363a03,.wav,The Neon Relay Authors,(c) 2026 The Neon Relay Authors,Zlib,https://github.com/Leo88q/neon-relay (generated by scripts/build_neon_sounds.py),original procedurally synthesised Neon Relay sound effect (BL-18),ship
data/audio/vo_teefault_pain_short-10.wav,9c47ed685c5b2d4c74e1c71291d4375ac0c721335d083fa633e22ebfad9efdf5,.wav,The Neon Relay Authors,(c) 2026 The Neon Relay Authors,Zlib,https://github.com/Leo88q/neon-relay (generated by scripts/build_neon_sounds.py),original procedurally synthesised Neon Relay sound effect (BL-18),ship
data/audio/vo_teefault_pain_short-11.wav,5dccbde3a6da2bac41eb65fce8317caca927d35f800a73cf42e6b642bf8f7354,.wav,The Neon Relay Authors,(c) 2026 The Neon Relay Authors,Zlib,https://github.com/Leo88q/neon-relay (generated by scripts/build_neon_sounds.py),original procedurally synthesised Neon Relay sound effect (BL-18),ship
data/audio/vo_teefault_pain_short-12.wav,ce76312dfb65077cb299edade32ba9a01087e1a0a022aae4f29713d806f0381b,.wav,The Neon Relay Authors,(c) 2026 The Neon Relay Authors,Zlib,https://github.com/Leo88q/neon-relay (generated by scripts/build_neon_sounds.py),original procedurally synthesised Neon Relay sound effect (BL-18),ship
data/audio/vo_teefault_sledge-01.wav,a1ed7b1af7122738ef74f84c078deaa20353e36f19638dfea078137c7e91f72b,.wav,The Neon Relay Authors,(c) 2026 The Neon Relay Authors,Zlib,https://github.com/Leo88q/neon-relay (generated by scripts/build_neon_sounds.py),original procedurally synthesised Neon Relay sound effect (BL-18),ship
data/audio/vo_teefault_sledge-02.wav,1358ae52299e25371ac22e59a3f2679caa40bf55a1a9e54b0ce01f19d860e9fb,.wav,The Neon Relay Authors,(c) 2026 The Neon Relay Authors,Zlib,https://github.com/Leo88q/neon-relay (generated by scripts/build_neon_sounds.py),original procedurally synthesised Neon Relay sound effect (BL-18),ship
data/audio/vo_teefault_sledge-03.wav,211005dbb39e57dc2a1981f54247d26a37f40834e4ddb5fd43deba627a4f7ff3,.wav,The Neon Relay Authors,(c) 2026 The Neon Relay Authors,Zlib,https://github.com/Leo88q/neon-relay (generated by scripts/build_neon_sounds.py),original procedurally synthesised Neon Relay sound effect (BL-18),ship
data/audio/vo_teefault_spawn-01.wav,b87784eaeb5bdfa4aed79a27cc582ad02a94815ff6e27d9e229eddd5d4db8cbe,.wav,The Neon Relay Authors,(c) 2026 The Neon Relay Authors,Zlib,https://github.com/Leo88q/neon-relay (generated by scripts/build_neon_sounds.py),original procedurally synthesised Neon Relay sound effect (BL-18),ship
data/audio/vo_teefault_spawn-02.wav,b87784eaeb5bdfa4aed79a27cc582ad02a94815ff6e27d9e229eddd5d4db8cbe,.wav,The Neon Relay Authors,(c) 2026 The Neon Relay Authors,Zlib,https://github.com/Leo88q/neon-relay (generated by scripts/build_neon_sounds.py),original procedurally synthesised Neon Relay sound effect (BL-18),ship
data/audio/vo_teefault_spawn-03.wav,b87784eaeb5bdfa4aed79a27cc582ad02a94815ff6e27d9e229eddd5d4db8cbe,.wav,The Neon Relay Authors,(c) 2026 The Neon Relay Authors,Zlib,https://github.com/Leo88q/neon-relay (generated by scripts/build_neon_sounds.py),original procedurally synthesised Neon Relay sound effect (BL-18),ship
data/audio/vo_teefault_spawn-04.wav,b87784eaeb5bdfa4aed79a27cc582ad02a94815ff6e27d9e229eddd5d4db8cbe,.wav,The Neon Relay Authors,(c) 2026 The Neon Relay Authors,Zlib,https://github.com/Leo88q/neon-relay (generated by scripts/build_neon_sounds.py),original procedurally synthesised Neon Relay sound effect (BL-18),ship
data/audio/vo_teefault_spawn-05.wav,b87784eaeb5bdfa4aed79a27cc582ad02a94815ff6e27d9e229eddd5d4db8cbe,.wav,The Neon Relay Authors,(c) 2026 The Neon Relay Authors,Zlib,https://github.com/Leo88q/neon-relay (generated by scripts/build_neon_sounds.py),original procedurally synthesised Neon Relay sound effect (BL-18),ship
data/audio/vo_teefault_spawn-06.wav,b87784eaeb5bdfa4aed79a27cc582ad02a94815ff6e27d9e229eddd5d4db8cbe,.wav,The Neon Relay Authors,(c) 2026 The Neon Relay Authors,Zlib,https://github.com/Leo88q/neon-relay (generated by scripts/build_neon_sounds.py),original procedurally synthesised Neon Relay sound effect (BL-18),ship
data/audio/vo_teefault_spawn-07.wav,b87784eaeb5bdfa4aed79a27cc582ad02a94815ff6e27d9e229eddd5d4db8cbe,.wav,The Neon Relay Authors,(c) 2026 The Neon Relay Authors,Zlib,https://github.com/Leo88q/neon-relay (generated by scripts/build_neon_sounds.py),original procedurally synthesised Neon Relay sound effect (BL-18),ship
data/audio/wp_flump_explo-01.wav,a201de2b47f793927b7650284a40e652c5a7b90c3683a9a01c1b60bb25efbbfc,.wav,The Neon Relay Authors,(c) 2026 The Neon Relay Authors,Zlib,https://github.com/Leo88q/neon-relay (generated by scripts/build_neon_sounds.py),original procedurally synthesised Neon Relay sound effect (BL-18),ship
data/audio/wp_flump_explo-02.wav,8230a9e4da12fb966097db966f8c632866d5de44b5616067490766359f210895,.wav,The Neon Relay Authors,(c) 2026 The Neon Relay Authors,Zlib,https://github.com/Leo88q/neon-relay (generated by scripts/build_neon_sounds.py),original procedurally synthesised Neon Relay sound effect (BL-18),ship
data/audio/wp_flump_explo-03.wav,01a47e6d9282dd9615590a26a8d06b49d0f3a7df602bff187cbb3653ceb75bbb,.wav,The Neon Relay Authors,(c) 2026 The Neon Relay Authors,Zlib,https://github.com/Leo88q/neon-relay (generated by scripts/build_neon_sounds.py),original procedurally synthesised Neon Relay sound effect (BL-18),ship
data/audio/wp_flump_launch-01.wav,2df9e99522db6047ac763e1542709ce7fb17cf53f2d4c7258a3eb55cd1426f40,.wav,The Neon Relay Authors,(c) 2026 The Neon Relay Authors,Zlib,https://github.com/Leo88q/neon-relay (generated by scripts/build_neon_sounds.py),original procedurally synthesised Neon Relay sound effect (BL-18),ship
data/audio/wp_flump_launch-02.wav,73b8a2399c194425c17206cd7b7e10f176f2b83a1089081eb43bca0ff58b9182,.wav,The Neon Relay Authors,(c) 2026 The Neon Relay Authors,Zlib,https://github.com/Leo88q/neon-relay (generated by scripts/build_neon_sounds.py),original procedurally synthesised Neon Relay sound effect (BL-18),ship
data/audio/wp_flump_launch-03.wav,21aa488db017a11d3df6fbbd6db5e1dc66f41f3012a2d8c9d89dd23c9cc0a10f,.wav,The Neon Relay Authors,(c) 2026 The Neon Relay Authors,Zlib,https://github.com/Leo88q/neon-relay (generated by scripts/build_neon_sounds.py),original procedurally synthesised Neon Relay sound effect (BL-18),ship
data/audio/wp_gun_fire-01.wav,3b827b92f7731f15929659a491857db29098fabbe6c98c949402aa4f914b79c2,.wav,The Neon Relay Authors,(c) 2026 The Neon Relay Authors,Zlib,https://github.com/Leo88q/neon-relay (generated by scripts/build_neon_sounds.py),original procedurally synthesised Neon Relay sound effect (BL-18),ship
data/audio/wp_gun_fire-02.wav,1eb6a11cfa6c23ccc865c00bc5ba56a84a8fec9219d81ed5beb1cc28031dfb62,.wav,The Neon Relay Authors,(c) 2026 The Neon Relay Authors,Zlib,https://github.com/Leo88q/neon-relay (generated by scripts/build_neon_sounds.py),original procedurally synthesised Neon Relay sound effect (BL-18),ship
data/audio/wp_gun_fire-03.wav,0e1e7f0a6af95f857911f8ad85c10778b58862a7b8ddd31cd52e673f507f61bd,.wav,The Neon Relay Authors,(c) 2026 The Neon Relay Authors,Zlib,https://github.com/Leo88q/neon-relay (generated by scripts/build_neon_sounds.py),original procedurally synthesised Neon Relay sound effect (BL-18),ship
data/audio/wp_hammer_hit-01.wav,e57e75417864cb8a9466b16623d108cac1eeea05cd4568ff762ffad6248f5ff8,.wav,The Neon Relay Authors,(c) 2026 The Neon Relay Authors,Zlib,https://github.com/Leo88q/neon-relay (generated by scripts/build_neon_sounds.py),original procedurally synthesised Neon Relay sound effect (BL-18),ship
data/audio/wp_hammer_hit-02.wav,e5f9947b26a8d8916e618ea16c78b5743092459ebb6ba47a5b03fa9be00c5143,.wav,The Neon Relay Authors,(c) 2026 The Neon Relay Authors,Zlib,https://github.com/Leo88q/neon-relay (generated by scripts/build_neon_sounds.py),original procedurally synthesised Neon Relay sound effect (BL-18),ship
data/audio/wp_hammer_hit-03.wav,d7bdc8835b66f97c348d9f6c0278bc3b46369efb11cc994f910c1ebde3883042,.wav,The Neon Relay Authors,(c) 2026 The Neon Relay Authors,Zlib,https://github.com/Leo88q/neon-relay (generated by scripts/build_neon_sounds.py),original procedurally synthesised Neon Relay sound effect (BL-18),ship
data/audio/wp_hammer_swing-01.wav,f21ae21df15ae74a4ea76991ff35a2355cabd2e95eb31261d2ce431c5f2e151b,.wav,The Neon Relay Authors,(c) 2026 The Neon Relay Authors,Zlib,https://github.com/Leo88q/neon-relay (generated by scripts/build_neon_sounds.py),original procedurally synthesised Neon Relay sound effect (BL-18),ship
data/audio/wp_hammer_swing-02.wav,7914c79af44d196e316fc0e7267f1b30905df76e7e28b5b11328918a8920ac92,.wav,The Neon Relay Authors,(c) 2026 The Neon Relay Authors,Zlib,https://github.com/Leo88q/neon-relay (generated by scripts/build_neon_sounds.py),original procedurally synthesised Neon Relay sound effect (BL-18),ship
data/audio/wp_hammer_swing-03.wav,e1348ef15b3d35780d5aae8fb8cb91d98768c6d803721ea95c0cb68ed2ed15b7,.wav,The Neon Relay Authors,(c) 2026 The Neon Relay Authors,Zlib,https://github.com/Leo88q/neon-relay (generated by scripts/build_neon_sounds.py),original procedurally synthesised Neon Relay sound effect (BL-18),ship
data/audio/wp_laser_bnce-01.wav,e4daa924b26c81e908c15acc665daaf69b432bfc70fcc8729f4467bd8d6a3a60,.wav,The Neon Relay Authors,(c) 2026 The Neon Relay Authors,Zlib,https://github.com/Leo88q/neon-relay (generated by scripts/build_neon_sounds.py),original procedurally synthesised Neon Relay sound effect (BL-18),ship
data/audio/wp_laser_bnce-02.wav,e4daa924b26c81e908c15acc665daaf69b432bfc70fcc8729f4467bd8d6a3a60,.wav,The Neon Relay Authors,(c) 2026 The Neon Relay Authors,Zlib,https://github.com/Leo88q/neon-relay (generated by scripts/build_neon_sounds.py),original procedurally synthesised Neon Relay sound effect (BL-18),ship
data/audio/wp_laser_bnce-03.wav,e4daa924b26c81e908c15acc665daaf69b432bfc70fcc8729f4467bd8d6a3a60,.wav,The Neon Relay Authors,(c) 2026 The Neon Relay Authors,Zlib,https://github.com/Leo88q/neon-relay (generated by scripts/build_neon_sounds.py),original procedurally synthesised Neon Relay sound effect (BL-18),ship
data/audio/wp_laser_fire-01.wav,42f00a845db817a5e02f92cbdc38f5784b49cce827d9dad03fab565f2355fb48,.wav,The Neon Relay Authors,(c) 2026 The Neon Relay Authors,Zlib,https://github.com/Leo88q/neon-relay (generated by scripts/build_neon_sounds.py),original procedurally synthesised Neon Relay sound effect (BL-18),ship
data/audio/wp_laser_fire-02.wav,85102e77cd46e75c82e435c9fe1e87a9a279f06e9be939ee4d6b258bb1e82602,.wav,The Neon Relay Authors,(c) 2026 The Neon Relay Authors,Zlib,https://github.com/Leo88q/neon-relay (generated by scripts/build_neon_sounds.py),original procedurally synthesised Neon Relay sound effect (BL-18),ship
data/audio/wp_laser_fire-03.wav,7bbe6ed6f655486d2eb63ff89e0ce41de9f238b398b7cb7aa49e4549c2067b1a,.wav,The Neon Relay Authors,(c) 2026 The Neon Relay Authors,Zlib,https://github.com/Leo88q/neon-relay (generated by scripts/build_neon_sounds.py),original procedurally synthesised Neon Relay sound effect (BL-18),ship
data/audio/wp_ninja_attack-01.wav,a68db1ec4cad9542e63a787ed261de7f53f59c7ccb6a60d63ef0d2cf6ee68bb3,.wav,The Neon Relay Authors,(c) 2026 The Neon Relay Authors,Zlib,https://github.com/Leo88q/neon-relay (generated by scripts/build_neon_sounds.py),original procedurally synthesised Neon Relay sound effect (BL-18),ship
data/audio/wp_ninja_attack-02.wav,093eb4da3519dd10add44e45a13f597a96730411d219571c7cb65b28d916b082,.wav,The Neon Relay Authors,(c) 2026 The Neon Relay Authors,Zlib,https://github.com/Leo88q/neon-relay (generated by scripts/build_neon_sounds.py),original procedurally synthesised Neon Relay sound effect (BL-18),ship
data/audio/wp_ninja_attack-03.wav,99772501c073f6e21bae69190a091c1742401d09083cc87683d94f376f738c08,.wav,The Neon Relay Authors,(c) 2026 The Neon Relay Authors,Zlib,https://github.com/Leo88q/neon-relay (generated by scripts/build_neon_sounds.py),original procedurally synthesised Neon Relay sound effect (BL-18),ship
data/audio/wp_ninja_attack-04.wav,d14837357c8a6052bd468efeb08b2b57abbc4a219c65650b89efec08654838c3,.wav,The Neon Relay Authors,(c) 2026 The Neon Relay Authors,Zlib,https://github.com/Leo88q/neon-relay (generated by scripts/build_neon_sounds.py),original procedurally synthesised Neon Relay sound effect (BL-18),ship
data/audio/wp_ninja_hit-01.wav,4b92e8f97f4a0da56c774661cb523aa9fe8040cc99ae0693ffe0658ea9ba1789,.wav,The Neon Relay Authors,(c) 2026 The Neon Relay Authors,Zlib,https://github.com/Leo88q/neon-relay (generated by scripts/build_neon_sounds.py),original procedurally synthesised Neon Relay sound effect (BL-18),ship
data/audio/wp_ninja_hit-02.wav,4647709195f045f6fde3aa010c6513b7308a5a02c455f0654ffbcb564852431a,.wav,The Neon Relay Authors,(c) 2026 The Neon Relay Authors,Zlib,https://github.com/Leo88q/neon-relay (generated by scripts/build_neon_sounds.py),original procedurally synthesised Neon Relay sound effect (BL-18),ship
data/audio/wp_ninja_hit-03.wav,407993fa67a770aafc15a829de4cf023d32aaaf0848e7b4807f9c246460bef76,.wav,The Neon Relay Authors,(c) 2026 The Neon Relay Authors,Zlib,https://github.com/Leo88q/neon-relay (generated by scripts/build_neon_sounds.py),original procedurally synthesised Neon Relay sound effect (BL-18),ship
data/audio/wp_ninja_hit-04.wav,5883d34ca1e426cc796a7e9a0704d5877da0c6413371d2ac4b0ed8890f53d81d,.wav,The Neon Relay Authors,(c) 2026 The Neon Relay Authors,Zlib,https://github.com/Leo88q/neon-relay (generated by scripts/build_neon_sounds.py),original procedurally synthesised Neon Relay sound effect (BL-18),ship
data/audio/wp_noammo-01.wav,85242627185328fdc9f8dde8c9a5fbb8ecebd3b4d1614e2aeb93e3959257fd42,.wav,The Neon Relay Authors,(c) 2026 The Neon Relay Authors,Zlib,https://github.com/Leo88q/neon-relay (generated by scripts/build_neon_sounds.py),original procedurally synthesised Neon Relay sound effect (BL-18),ship
data/audio/wp_noammo-02.wav,cbd6c8c2e3d06895819adef1692bbb98279fbb0fcfc4c1bd4d9aa490a80bdd99,.wav,The Neon Relay Authors,(c) 2026 The Neon Relay Authors,Zlib,https://github.com/Leo88q/neon-relay (generated by scripts/build_neon_sounds.py),original procedurally synthesised Neon Relay sound effect (BL-18),ship
data/audio/wp_noammo-03.wav,338d7309217b374c7b91ed5a9d7e289c302b68e87548166b045236378d9cef74,.wav,The Neon Relay Authors,(c) 2026 The Neon Relay Authors,Zlib,https://github.com/Leo88q/neon-relay (generated by scripts/build_neon_sounds.py),original procedurally synthesised Neon Relay sound effect (BL-18),ship
data/audio/wp_noammo-04.wav,f14f72437fa1835f89e197dde24a6801be48cfb11ee522621d55707223b9345a,.wav,The Neon Relay Authors,(c) 2026 The Neon Relay Authors,Zlib,https://github.com/Leo88q/neon-relay (generated by scripts/build_neon_sounds.py),original procedurally synthesised Neon Relay sound effect (BL-18),ship
data/audio/wp_noammo-05.wav,265f90f9ef455d853377996aa3ab81eb3663211d9f8648a71a2ca79402dfadcb,.wav,The Neon Relay Authors,(c) 2026 The Neon Relay Authors,Zlib,https://github.com/Leo88q/neon-relay (generated by scripts/build_neon_sounds.py),original procedurally synthesised Neon Relay sound effect (BL-18),ship
data/audio/wp_shotty_fire-01.wav,5fb47ace36084961f2c483fa674a85e93f420b6dea27a3c6d0778890d686347a,.wav,The Neon Relay Authors,(c) 2026 The Neon Relay Authors,Zlib,https://github.com/Leo88q/neon-relay (generated by scripts/build_neon_sounds.py),original procedurally synthesised Neon Relay sound effect (BL-18),ship
data/audio/wp_shotty_fire-02.wav,b34c971a78f3722b7102ce1caf3838ffde160f0ed9d21424f10118ee75b24f7f,.wav,The Neon Relay Authors,(c) 2026 The Neon Relay Authors,Zlib,https://github.com/Leo88q/neon-relay (generated by scripts/build_neon_sounds.py),original procedurally synthesised Neon Relay sound effect (BL-18),ship
data/audio/wp_shotty_fire-03.wav,a6fcc0d469e620377800d31bf0b2121de8b856c53d9f99e00a7868b173e535b3,.wav,The Neon Relay Authors,(c) 2026 The Neon Relay Authors,Zlib,https://github.com/Leo88q/neon-relay (generated by scripts/build_neon_sounds.py),original procedurally synthesised Neon Relay sound effect (BL-18),ship
data/audio/wp_switch-01.wav,81dc37d0b9d2b05d30600c330768f459bf610345ae915568b3239b1b83d05e70,.wav,The Neon Relay Authors,(c) 2026 The Neon Relay Authors,Zlib,https://github.com/Leo88q/neon-relay (generated by scripts/build_neon_sounds.py),original procedurally synthesised Neon Relay sound effect (BL-18),ship
data/audio/wp_switch-02.wav,81dc37d0b9d2b05d30600c330768f459bf610345ae915568b3239b1b83d05e70,.wav,The Neon Relay Authors,(c) 2026 The Neon Relay Authors,Zlib,https://github.com/Leo88q/neon-relay (generated by scripts/build_neon_sounds.py),original procedurally synthesised Neon Relay sound effect (BL-18),ship
data/audio/wp_switch-03.wav,81dc37d0b9d2b05d30600c330768f459bf610345ae915568b3239b1b83d05e70,.wav,The Neon Relay Authors,(c) 2026 The Neon Relay Authors,Zlib,https://github.com/Leo88q/neon-relay (generated by scripts/build_neon_sounds.py),original procedurally synthesised Neon Relay sound effect (BL-18),ship
data/autoexec_server.cfg,574273bcfb91df6ba6919736e5205c2772b9bbe8173cbc2c9fcd27bf9a3a49bb,.cfg,DDNet contributors (no individual author named upstream),Copyright DDNet contributors (no individual author named upstream),CC-BY-SA-3.0,https://github.com/ddnet/ddnet/blob/a853d333ac9e61ebfa2899b4641f8b0658ba60d5/data/autoexec_server.cfg,upstream ships no author list for this directory (see docs/UPSTREAM_AUDIT.md §3),block-release
data/background_noise.png,8ff598a5bc9579d9bd5d6b9977888f3625898826ce99dd33a0913706f66bc1f6,image/png,The Neon Relay Authors,(c) 2026 The Neon Relay Authors,Zlib,https://github.com/Leo88q/neon-relay (generated by scripts/build_neon_ui_art.py),"original Neon Relay UI art, procedurally generated (stage 16); replaces upstream artwork in place over the same filename",ship
data/blob.png,6a9225da3c88d288e2fd62bdb45fbf1a01007a8e8c9b757491a430f902610225,image/png,The Neon Relay Authors,(c) 2026 The Neon Relay Authors,Zlib,https://github.com/Leo88q/neon-relay (generated by scripts/build_neon_ui_art.py),"original Neon Relay UI art, procedurally generated (stage 16); replaces upstream artwork in place over the same filename",ship
data/censorlist.txt,e3b0c44298fc1c149afbf4c8996fb92427ae41e4649b934ca495991b7852b855,text/plain,DDNet contributors (no individual author named upstream),Copyright DDNet contributors (no individual author named upstream),CC-BY-SA-3.0,https://github.com/ddnet/ddnet/blob/a853d333ac9e61ebfa2899b4641f8b0658ba60d5/data/censorlist.txt,upstream ships no author list for this directory (see docs/UPSTREAM_AUDIT.md §3),block-release
data/communityicons/none.png,fa6197fc1879c40ea11157b1b936a28c774573ead22c25d180f562ae397ef4e2,image/png,The Neon Relay Authors,(c) 2026 The Neon Relay Authors,Zlib,https://github.com/Leo88q/neon-relay (generated by scripts/build_brand_assets.py),"original Neon Relay artwork, created for this project",ship
data/countryflags/AD.png,4564a7e04dc162ee878c8328e459750ecce7234c42b1c0efc1990d320df08942,image/png,The Neon Relay Authors,(c) 2026 The Neon Relay Authors,Zlib,https://github.com/Leo88q/neon-relay (generated by scripts/build_neon_editor_art.py / build_neon_background.py / build_neon_countryflags.py),"original Neon Relay editor/theme/flag artwork, created for this project (BL-16)",ship
data/countryflags/AE.png,aac7abc93707f0cb6f5197daab6d814129111ef2c433fc55a4ea3585cc7851f5,image/png,The Neon Relay Authors,(c) 2026 The Neon Relay Authors,Zlib,https://github.com/Leo88q/neon-relay (generated by scripts/build_neon_editor_art.py / build_neon_background.py / build_neon_countryflags.py),"original Neon Relay editor/theme/flag artwork, created for this project (BL-16)",ship
data/countryflags/AF.png,1a244faeb56b7766315afa017a5c0c1c6de2d1a0f04a372724ea849fd110e8b3,image/png,The Neon Relay Authors,(c) 2026 The Neon Relay Authors,Zlib,https://github.com/Leo88q/neon-relay (generated by scripts/build_neon_editor_art.py / build_neon_background.py / build_neon_countryflags.py),"original Neon Relay editor/theme/flag artwork, created for this project (BL-16)",ship
data/countryflags/AG.png,a3aad1a6643d662c9538cb2be15dcac4f747042f7ef2aea136000d091d66a11c,image/png,The Neon Relay Authors,(c) 2026 The Neon Relay Authors,Zlib,https://github.com/Leo88q/neon-relay (generated by scripts/build_neon_editor_art.py / build_neon_background.py / build_neon_countryflags.py),"original Neon Relay editor/theme/flag artwork, created for this project (BL-16)",ship
data/countryflags/AI.png,f7578d0887b04fe9c806247072c847bc84432272397fb276dc8e1d2f4c929f8a,image/png,The Neon Relay Authors,(c) 2026 The Neon Relay Authors,Zlib,https://github.com/Leo88q/neon-relay (generated by scripts/build_neon_editor_art.py / build_neon_background.py / build_neon_countryflags.py),"original Neon Relay editor/theme/flag artwork, created for this project (BL-16)",ship
data/countryflags/AL.png,b628b2cfc792e2780f79f1cf06801fa8b26f16b4086a381debc1697877578bed,image/png,The Neon Relay Authors,(c) 2026 The Neon Relay Authors,Zlib,https://github.com/Leo88q/neon-relay (generated by scripts/build_neon_editor_art.py / build_neon_background.py / build_neon_countryflags.py),"original Neon Relay editor/theme/flag artwork, created for this project (BL-16)",ship
data/countryflags/AM.png,62119096209c74cff92e10780eb1c04621627399366a2e536bddb03d70888745,image/png,The Neon Relay Authors,(c) 2026 The Neon Relay Authors,Zlib,https://github.com/Leo88q/neon-relay (generated by scripts/build_neon_editor_art.py / build_neon_background.py / build_neon_countryflags.py),"original Neon Relay editor/theme/flag artwork, created for this project (BL-16)",ship
data/countryflags/AO.png,9e055d2989971e9e074666f047c7a9323012fb5f10e43b4ce4631acece7fa35c,image/png,The Neon Relay Authors,(c) 2026 The Neon Relay Authors,Zlib,https://github.com/Leo88q/neon-relay (generated by scripts/build_neon_editor_art.py / build_neon_background.py / build_neon_countryflags.py),"original Neon Relay editor/theme/flag artwork, created for this project (BL-16)",ship
data/countryflags/AQ.png,1205775f87ff895dfc4a2bb03d947f3b0c5e285316290f6b9a411a3a8a73ab55,image/png,The Neon Relay Authors,(c) 2026 The Neon Relay Authors,Zlib,https://github.com/Leo88q/neon-relay (generated by scripts/build_neon_editor_art.py / build_neon_background.py / build_neon_countryflags.py),"original Neon Relay editor/theme/flag artwork, created for this project (BL-16)",ship
data/countryflags/AR.png,c3423b81f4f002ab36abb5b25638a63190f3e474fbd9ed7498d394f4b83ca9aa,image/png,The Neon Relay Authors,(c) 2026 The Neon Relay Authors,Zlib,https://github.com/Leo88q/neon-relay (generated by scripts/build_neon_editor_art.py / build_neon_background.py / build_neon_countryflags.py),"original Neon Relay editor/theme/flag artwork, created for this project (BL-16)",ship
data/countryflags/AS.png,4b90aa55de6860d89d8ac01787dcbfb935458c9714a64d1d67ef1d5ff96ae96e,image/png,The Neon Relay Authors,(c) 2026 The Neon Relay Authors,Zlib,https://github.com/Leo88q/neon-relay (generated by scripts/build_neon_editor_art.py / build_neon_background.py / build_neon_countryflags.py),"original Neon Relay editor/theme/flag artwork, created for this project (BL-16)",ship
data/countryflags/AT.png,8188bf07bd516caae6c7fa1853405902d59de9d6fa1c143150ab39eab13542f6,image/png,The Neon Relay Authors,(c) 2026 The Neon Relay Authors,Zlib,https://github.com/Leo88q/neon-relay (generated by scripts/build_neon_editor_art.py / build_neon_background.py / build_neon_countryflags.py),"original Neon Relay editor/theme/flag artwork, created for this project (BL-16)",ship
data/countryflags/AU.png,ee69b36a1171b3bcf299a2ed336ca8f9a060ca2a1ec9b0230808d49e7f8be2c3,image/png,The Neon Relay Authors,(c) 2026 The Neon Relay Authors,Zlib,https://github.com/Leo88q/neon-relay (generated by scripts/build_neon_editor_art.py / build_neon_background.py / build_neon_countryflags.py),"original Neon Relay editor/theme/flag artwork, created for this project (BL-16)",ship
data/countryflags/AW.png,c85bc79e5308acfa847266ce8018c171e33c0bcbb03aa3694f251548682752f6,image/png,The Neon Relay Authors,(c) 2026 The Neon Relay Authors,Zlib,https://github.com/Leo88q/neon-relay (generated by scripts/build_neon_editor_art.py / build_neon_background.py / build_neon_countryflags.py),"original Neon Relay editor/theme/flag artwork, created for this project (BL-16)",ship
data/countryflags/AX.png,7286afe8381bcaf3cb97e74c817dded75d3a81afeff0918748e75e72128878f8,image/png,The Neon Relay Authors,(c) 2026 The Neon Relay Authors,Zlib,https://github.com/Leo88q/neon-relay (generated by scripts/build_neon_editor_art.py / build_neon_background.py / build_neon_countryflags.py),"original Neon Relay editor/theme/flag artwork, created for this project (BL-16)",ship
data/countryflags/AZ.png,ac72e79dac475c721f4f4336540e0d0792de9aae04977e164b8998546ce34ac6,image/png,The Neon Relay Authors,(c) 2026 The Neon Relay Authors,Zlib,https://github.com/Leo88q/neon-relay (generated by scripts/build_neon_editor_art.py / build_neon_background.py / build_neon_countryflags.py),"original Neon Relay editor/theme/flag artwork, created for this project (BL-16)",ship
data/countryflags/BA.png,d430e8136437e40e11df0ea0d1bc013afb4674061734cfbcea5abfbdf4d1aba2,image/png,The Neon Relay Authors,(c) 2026 The Neon Relay Authors,Zlib,https://github.com/Leo88q/neon-relay (generated by scripts/build_neon_editor_art.py / build_neon_background.py / build_neon_countryflags.py),"original Neon Relay editor/theme/flag artwork, created for this project (BL-16)",ship
data/countryflags/BB.png,971ae2236497315263860c0171f2b8e767c93daff78d173f890f1ae1f42f798e,image/png,The Neon Relay Authors,(c) 2026 The Neon Relay Authors,Zlib,https://github.com/Leo88q/neon-relay (generated by scripts/build_neon_editor_art.py / build_neon_background.py / build_neon_countryflags.py),"original Neon Relay editor/theme/flag artwork, created for this project (BL-16)",ship
data/countryflags/BD.png,9b8e9bb709f12f901c640bcc123359426dc52614d61d4b78131190a37c8196fb,image/png,The Neon Relay Authors,(c) 2026 The Neon Relay Authors,Zlib,https://github.com/Leo88q/neon-relay (generated by scripts/build_neon_editor_art.py / build_neon_background.py / build_neon_countryflags.py),"original Neon Relay editor/theme/flag artwork, created for this project (BL-16)",ship
data/countryflags/BE.png,a0be5273e0ded61ee291172f74f583dc8ee31888f7dbda5649556e9b0b92c798,image/png,The Neon Relay Authors,(c) 2026 The Neon Relay Authors,Zlib,https://github.com/Leo88q/neon-relay (generated by scripts/build_neon_editor_art.py / build_neon_background.py / build_neon_countryflags.py),"original Neon Relay editor/theme/flag artwork, created for this project (BL-16)",ship
data/countryflags/BF.png,81dbabdce531e8e3601ca5dff7cf06a5208f0d9cba79940b06eafbbabcf0a734,image/png,The Neon Relay Authors,(c) 2026 The Neon Relay Authors,Zlib,https://github.com/Leo88q/neon-relay (generated by scripts/build_neon_editor_art.py / build_neon_background.py / build_neon_countryflags.py),"original Neon Relay editor/theme/flag artwork, created for this project (BL-16)",ship
data/countryflags/BG.png,6c8074327b53018f2f4964a2a6f450140c174823607bd2f8a3ccce28b016a521,image/png,The Neon Relay Authors,(c) 2026 The Neon Relay Authors,Zlib,https://github.com/Leo88q/neon-relay (generated by scripts/build_neon_editor_art.py / build_neon_background.py / build_neon_countryflags.py),"original Neon Relay editor/theme/flag artwork, created for this project (BL-16)",ship
data/countryflags/BH.png,635bdc58adfe1b46383a9251e8019689696098e6d638ff54f70afa7a1f972d45,image/png,The Neon Relay Authors,(c) 2026 The Neon Relay Authors,Zlib,https://github.com/Leo88q/neon-relay (generated by scripts/build_neon_editor_art.py / build_neon_background.py / build_neon_countryflags.py),"original Neon Relay editor/theme/flag artwork, created for this project (BL-16)",ship
data/countryflags/BI.png,a081e30160a997eaa13f5fdbb4605d2dec9da8e6d03ddf8bbcd319012067e7c2,image/png,The Neon Relay Authors,(c) 2026 The Neon Relay Authors,Zlib,https://github.com/Leo88q/neon-relay (generated by scripts/build_neon_editor_art.py / build_neon_background.py / build_neon_countryflags.py),"original Neon Relay editor/theme/flag artwork, created for this project (BL-16)",ship
data/countryflags/BJ.png,d92900d16132d8993e1ca1f40e8a6360694b43333225ec88bd63cd79c972c8a1,image/png,The Neon Relay Authors,(c) 2026 The Neon Relay Authors,Zlib,https://github.com/Leo88q/neon-relay (generated by scripts/build_neon_editor_art.py / build_neon_background.py / build_neon_countryflags.py),"original Neon Relay editor/theme/flag artwork, created for this project (BL-16)",ship
data/countryflags/BL.png,9123a7cc3b0cf7ee92f767a921a5dde2a1dde0d67fa86f888142809f0e8d9cfa,image/png,The Neon Relay Authors,(c) 2026 The Neon Relay Authors,Zlib,https://github.com/Leo88q/neon-relay (generated by scripts/build_neon_editor_art.py / build_neon_background.py / build_neon_countryflags.py),"original Neon Relay editor/theme/flag artwork, created for this project (BL-16)",ship
data/countryflags/BM.png,6758547b83e8a31ea78b3ceb78f36de95f6b602c203e040fa8a89e770c02e07c,image/png,The Neon Relay Authors,(c) 2026 The Neon Relay Authors,Zlib,https://github.com/Leo88q/neon-relay (generated by scripts/build_neon_editor_art.py / build_neon_background.py / build_neon_countryflags.py),"original Neon Relay editor/theme/flag artwork, created for this project (BL-16)",ship
data/countryflags/BN.png,da7d0c401e5367802d7443d0cb8569057101725b4a12702b90036fe75f7a2ef2,image/png,The Neon Relay Authors,(c) 2026 The Neon Relay Authors,Zlib,https://github.com/Leo88q/neon-relay (generated by scripts/build_neon_editor_art.py / build_neon_background.py / build_neon_countryflags.py),"original Neon Relay editor/theme/flag artwork, created for this project (BL-16)",ship
data/countryflags/BO.png,0a61ed7e54cf29edd3ab67ebad8eb9a586720b4523da470ecf76481a176e2441,image/png,The Neon Relay Authors,(c) 2026 The Neon Relay Authors,Zlib,https://github.com/Leo88q/neon-relay (generated by scripts/build_neon_editor_art.py / build_neon_background.py / build_neon_countryflags.py),"original Neon Relay editor/theme/flag artwork, created for this project (BL-16)",ship
data/countryflags/BR.png,50f5c1009e80643b97ba4ee43ddda31cb86da1c336d781c475dfe76e7f55cbb5,image/png,The Neon Relay Authors,(c) 2026 The Neon Relay Authors,Zlib,https://github.com/Leo88q/neon-relay (generated by scripts/build_neon_editor_art.py / build_neon_background.py / build_neon_countryflags.py),"original Neon Relay editor/theme/flag artwork, created for this project (BL-16)",ship
data/countryflags/BS.png,bb216639da493a9a697745a3ffcd0d2f7d7b4e8da5b73eab5257670e145fc6cd,image/png,The Neon Relay Authors,(c) 2026 The Neon Relay Authors,Zlib,https://github.com/Leo88q/neon-relay (generated by scripts/build_neon_editor_art.py / build_neon_background.py / build_neon_countryflags.py),"original Neon Relay editor/theme/flag artwork, created for this project (BL-16)",ship
data/countryflags/BT.png,ccd62d52a561177bd55a9aa99664aa0f911a2b852d360a54f1afab0d417a5785,image/png,The Neon Relay Authors,(c) 2026 The Neon Relay Authors,Zlib,https://github.com/Leo88q/neon-relay (generated by scripts/build_neon_editor_art.py / build_neon_background.py / build_neon_countryflags.py),"original Neon Relay editor/theme/flag artwork, created for this project (BL-16)",ship
data/countryflags/BW.png,ab414c62a5419e6123e759a986f9628f6a2cf498caf51a1633db0a4d5fe2eef5,image/png,The Neon Relay Authors,(c) 2026 The Neon Relay Authors,Zlib,https://github.com/Leo88q/neon-relay (generated by scripts/build_neon_editor_art.py / build_neon_background.py / build_neon_countryflags.py),"original Neon Relay editor/theme/flag artwork, created for this project (BL-16)",ship
data/countryflags/BY.png,6acf553ee9f613c9d7152f059c269a0b33aa9d33efcbc3e7800d9afc08b195a5,image/png,The Neon Relay Authors,(c) 2026 The Neon Relay Authors,Zlib,https://github.com/Leo88q/neon-relay (generated by scripts/build_neon_editor_art.py / build_neon_background.py / build_neon_countryflags.py),"original Neon Relay editor/theme/flag artwork, created for this project (BL-16)",ship
data/countryflags/BZ.png,7c7fc6c084a63a4804d0d161632b309cc855913393064e931ba444b313341306,image/png,The Neon Relay Authors,(c) 2026 The Neon Relay Authors,Zlib,https://github.com/Leo88q/neon-relay (generated by scripts/build_neon_editor_art.py / build_neon_background.py / build_neon_countryflags.py),"original Neon Relay editor/theme/flag artwork, created for this project (BL-16)",ship
data/countryflags/CA.png,6eb3a18079a6bb58a446e057ecd9075c95320fa16be2b0b3b57314d5b38271c6,image/png,The Neon Relay Authors,(c) 2026 The Neon Relay Authors,Zlib,https://github.com/Leo88q/neon-relay (generated by scripts/build_neon_editor_art.py / build_neon_background.py / build_neon_countryflags.py),"original Neon Relay editor/theme/flag artwork, created for this project (BL-16)",ship
data/countryflags/CC.png,80c1821edff26dbdbb571199e91bc80688e8c231c18c56fd53a065252809bfcc,image/png,The Neon Relay Authors,(c) 2026 The Neon Relay Authors,Zlib,https://github.com/Leo88q/neon-relay (generated by scripts/build_neon_editor_art.py / build_neon_background.py / build_neon_countryflags.py),"original Neon Relay editor/theme/flag artwork, created for this project (BL-16)",ship
data/countryflags/CD.png,3ccee1f5ae2ab32c9337c1d99c6498c49b1450ac8094e0f2ff103bae029ad331,image/png,The Neon Relay Authors,(c) 2026 The Neon Relay Authors,Zlib,https://github.com/Leo88q/neon-relay (generated by scripts/build_neon_editor_art.py / build_neon_background.py / build_neon_countryflags.py),"original Neon Relay editor/theme/flag artwork, created for this project (BL-16)",ship
data/countryflags/CF.png,099fc517593888010e479c23d74b0a7567b9046e1fff9a49972a803354c891c6,image/png,The Neon Relay Authors,(c) 2026 The Neon Relay Authors,Zlib,https://github.com/Leo88q/neon-relay (generated by scripts/build_neon_editor_art.py / build_neon_background.py / build_neon_countryflags.py),"original Neon Relay editor/theme/flag artwork, created for this project (BL-16)",ship
data/countryflags/CG.png,0f62896cc7e3c7d5c05f1ad903b6024f27a61ce84214c2bac939abe742955e6d,image/png,The Neon Relay Authors,(c) 2026 The Neon Relay Authors,Zlib,https://github.com/Leo88q/neon-relay (generated by scripts/build_neon_editor_art.py / build_neon_background.py / build_neon_countryflags.py),"original Neon Relay editor/theme/flag artwork, created for this project (BL-16)",ship
data/countryflags/CH.png,97639908dca28d7cc1f301f28de06d1ae2de2f0fac43d0c30ea8aeebc1214d1c,image/png,The Neon Relay Authors,(c) 2026 The Neon Relay Authors,Zlib,https://github.com/Leo88q/neon-relay (generated by scripts/build_neon_editor_art.py / build_neon_background.py / build_neon_countryflags.py),"original Neon Relay editor/theme/flag artwork, created for this project (BL-16)",ship
data/countryflags/CI.png,d293d69a262c07669d43c132785fe6c2d5d76fdaf338bfdc73e4986edf99d5e2,image/png,The Neon Relay Authors,(c) 2026 The Neon Relay Authors,Zlib,https://github.com/Leo88q/neon-relay (generated by scripts/build_neon_editor_art.py / build_neon_background.py / build_neon_countryflags.py),"original Neon Relay editor/theme/flag artwork, created for this project (BL-16)",ship
data/countryflags/CK.png,31e88bc6baaa0788f9e8498e6bc9469c3c130c7674395cd36b1959af758bab1e,image/png,The Neon Relay Authors,(c) 2026 The Neon Relay Authors,Zlib,https://github.com/Leo88q/neon-relay (generated by scripts/build_neon_editor_art.py / build_neon_background.py / build_neon_countryflags.py),"original Neon Relay editor/theme/flag artwork, created for this project (BL-16)",ship
data/countryflags/CL.png,9274a6dfbfb01e755bb9fcdf3bed1ff9be61976fca3b19934b2c5cb9b1192437,image/png,The Neon Relay Authors,(c) 2026 The Neon Relay Authors,Zlib,https://github.com/Leo88q/neon-relay (generated by scripts/build_neon_editor_art.py / build_neon_background.py / build_neon_countryflags.py),"original Neon Relay editor/theme/flag artwork, created for this project (BL-16)",ship
data/countryflags/CM.png,594f6549d7373e88d6f3e7fc7d5e65100b3a51da6cf5b72e1550720fd7e3b419,image/png,The Neon Relay Authors,(c) 2026 The Neon Relay Authors,Zlib,https://github.com/Leo88q/neon-relay (generated by scripts/build_neon_editor_art.py / build_neon_background.py / build_neon_countryflags.py),"original Neon Relay editor/theme/flag artwork, created for this project (BL-16)",ship
data/countryflags/CN.png,7d95c043e7a50261ad08727634121a14a38dcabe2903f19d80e6607eb47b2029,image/png,The Neon Relay Authors,(c) 2026 The Neon Relay Authors,Zlib,https://github.com/Leo88q/neon-relay (generated by scripts/build_neon_editor_art.py / build_neon_background.py / build_neon_countryflags.py),"original Neon Relay editor/theme/flag artwork, created for this project (BL-16)",ship
data/countryflags/CO.png,a6c3e1c3b4c4f7b8651d79068c229977a6faf6348dbacc554d11478c913f0087,image/png,The Neon Relay Authors,(c) 2026 The Neon Relay Authors,Zlib,https://github.com/Leo88q/neon-relay (generated by scripts/build_neon_editor_art.py / build_neon_background.py / build_neon_countryflags.py),"original Neon Relay editor/theme/flag artwork, created for this project (BL-16)",ship
data/countryflags/CR.png,696d9dac34d3d9716687c5309e4801863ab4cfc0f26ef7d472a872cd5ee65c3c,image/png,The Neon Relay Authors,(c) 2026 The Neon Relay Authors,Zlib,https://github.com/Leo88q/neon-relay (generated by scripts/build_neon_editor_art.py / build_neon_background.py / build_neon_countryflags.py),"original Neon Relay editor/theme/flag artwork, created for this project (BL-16)",ship
data/countryflags/CU.png,9a9520042aa5ddd588858ccc9ec2e7ea82da4d78522088d3abb4a08279e42d4f,image/png,The Neon Relay Authors,(c) 2026 The Neon Relay Authors,Zlib,https://github.com/Leo88q/neon-relay (generated by scripts/build_neon_editor_art.py / build_neon_background.py / build_neon_countryflags.py),"original Neon Relay editor/theme/flag artwork, created for this project (BL-16)",ship
data/countryflags/CV.png,f42325b1151b6682865c6f85213a052ad92592d061d123f30667f38bede94c94,image/png,The Neon Relay Authors,(c) 2026 The Neon Relay Authors,Zlib,https://github.com/Leo88q/neon-relay (generated by scripts/build_neon_editor_art.py / build_neon_background.py / build_neon_countryflags.py),"original Neon Relay editor/theme/flag artwork, created for this project (BL-16)",ship
data/countryflags/CW.png,79b1a40b040b34b8926d03c6ad404340f3e7a7dbdd1c4552427e557e47e60e7e,image/png,The Neon Relay Authors,(c) 2026 The Neon Relay Authors,Zlib,https://github.com/Leo88q/neon-relay (generated by scripts/build_neon_editor_art.py / build_neon_background.py / build_neon_countryflags.py),"original Neon Relay editor/theme/flag artwork, created for this project (BL-16)",ship
data/countryflags/CX.png,1596dae00ba66951d5d193024d50596cb6d29a6aa941edb0504a40f1a76daf44,image/png,The Neon Relay Authors,(c) 2026 The Neon Relay Authors,Zlib,https://github.com/Leo88q/neon-relay (generated by scripts/build_neon_editor_art.py / build_neon_background.py / build_neon_countryflags.py),"original Neon Relay editor/theme/flag artwork, created for this project (BL-16)",ship
data/countryflags/CY.png,91304deab83641b19cfa587edfcbb7a109f585c7634a4452cca3bea88290eadb,image/png,The Neon Relay Authors,(c) 2026 The Neon Relay Authors,Zlib,https://github.com/Leo88q/neon-relay (generated by scripts/build_neon_editor_art.py / build_neon_background.py / build_neon_countryflags.py),"original Neon Relay editor/theme/flag artwork, created for this project (BL-16)",ship
data/countryflags/CZ.png,ab96f45c85603449785d13c1d9650e447229cf32d4a565480a01feddb5a40487,image/png,The Neon Relay Authors,(c) 2026 The Neon Relay Authors,Zlib,https://github.com/Leo88q/neon-relay (generated by scripts/build_neon_editor_art.py / build_neon_background.py / build_neon_countryflags.py),"original Neon Relay editor/theme/flag artwork, created for this project (BL-16)",ship
data/countryflags/DE.png,9821e5a925892493f24e984cf1c0478df106c7807a550fd46d633f3999ce1d6d,image/png,The Neon Relay Authors,(c) 2026 The Neon Relay Authors,Zlib,https://github.com/Leo88q/neon-relay (generated by scripts/build_neon_editor_art.py / build_neon_background.py / build_neon_countryflags.py),"original Neon Relay editor/theme/flag artwork, created for this project (BL-16)",ship
data/countryflags/DJ.png,80de5b2e5748d29c5c1c9cb31292db4dc3939cd96ecba5238ec3ff8c6bd30f5d,image/png,The Neon Relay Authors,(c) 2026 The Neon Relay Authors,Zlib,https://github.com/Leo88q/neon-relay (generated by scripts/build_neon_editor_art.py / build_neon_background.py / build_neon_countryflags.py),"original Neon Relay editor/theme/flag artwork, created for this project (BL-16)",ship
data/countryflags/DK.png,3c25180a8bacff33d1d4b592c0f757b7082755473e515fa6b015438bec898497,image/png,The Neon Relay Authors,(c) 2026 The Neon Relay Authors,Zlib,https://github.com/Leo88q/neon-relay (generated by scripts/build_neon_editor_art.py / build_neon_background.py / build_neon_countryflags.py),"original Neon Relay editor/theme/flag artwork, created for this project (BL-16)",ship
data/countryflags/DM.png,14a83841dda228fc85aa90231b1ba4915b18596accf5fc72b5f1c4ccbdec1c24,image/png,The Neon Relay Authors,(c) 2026 The Neon Relay Authors,Zlib,https://github.com/Leo88q/neon-relay (generated by scripts/build_neon_editor_art.py / build_neon_background.py / build_neon_countryflags.py),"original Neon Relay editor/theme/flag artwork, created for this project (BL-16)",ship
data/countryflags/DO.png,4d3f289e78fabe1c6f58038a034d39f771dd6861b055ec0ca019e689f3a064db,image/png,The Neon Relay Authors,(c) 2026 The Neon Relay Authors,Zlib,https://github.com/Leo88q/neon-relay (generated by scripts/build_neon_editor_art.py / build_neon_background.py / build_neon_countryflags.py),"original Neon Relay editor/theme/flag artwork, created for this project (BL-16)",ship
data/countryflags/DZ.png,170c0fe988ef73c682594bb4c05b30420bf86c802d156aeb93ff2144d05c5fa0,image/png,The Neon Relay Authors,(c) 2026 The Neon Relay Authors,Zlib,https://github.com/Leo88q/neon-relay (generated by scripts/build_neon_editor_art.py / build_neon_background.py / build_neon_countryflags.py),"original Neon Relay editor/theme/flag artwork, created for this project (BL-16)",ship
data/countryflags/EC.png,595351b57bfe77532f1744b3a36f484325e8c8804d220fe5be10ee5ded665592,image/png,The Neon Relay Authors,(c) 2026 The Neon Relay Authors,Zlib,https://github.com/Leo88q/neon-relay (generated by scripts/build_neon_editor_art.py / build_neon_background.py / build_neon_countryflags.py),"original Neon Relay editor/theme/flag artwork, created for this project (BL-16)",ship
data/countryflags/EE.png,c63b070f2193f3128f8de96efedace9cfb72b33fc12b35143dc3f2d735684ab1,image/png,The Neon Relay Authors,(c) 2026 The Neon Relay Authors,Zlib,https://github.com/Leo88q/neon-relay (generated by scripts/build_neon_editor_art.py / build_neon_background.py / build_neon_countryflags.py),"original Neon Relay editor/theme/flag artwork, created for this project (BL-16)",ship
data/countryflags/EG.png,6e47a5daad82e37798fc29612b60a062757c14e7fc058dbc3da3115bc4e0df63,image/png,The Neon Relay Authors,(c) 2026 The Neon Relay Authors,Zlib,https://github.com/Leo88q/neon-relay (generated by scripts/build_neon_editor_art.py / build_neon_background.py / build_neon_countryflags.py),"original Neon Relay editor/theme/flag artwork, created for this project (BL-16)",ship
data/countryflags/EH.png,765e50d06575297b9b519b4a9aee08b1741c39aaf14c28c7b33c09b0cccf8b97,image/png,The Neon Relay Authors,(c) 2026 The Neon Relay Authors,Zlib,https://github.com/Leo88q/neon-relay (generated by scripts/build_neon_editor_art.py / build_neon_background.py / build_neon_countryflags.py),"original Neon Relay editor/theme/flag artwork, created for this project (BL-16)",ship
data/countryflags/ER.png,953bfd8d2661be80246802ab2d4a97056719f2bc1e80c5293998991b6eac3da9,image/png,The Neon Relay Authors,(c) 2026 The Neon Relay Authors,Zlib,https://github.com/Leo88q/neon-relay (generated by scripts/build_neon_editor_art.py / build_neon_background.py / build_neon_countryflags.py),"original Neon Relay editor/theme/flag artwork, created for this project (BL-16)",ship
data/countryflags/ES-CT.png,8a62e8cf3539f15fae3e6096d2b3b897d573b57320caa15e6b846de2e1c4ed77,image/png,The Neon Relay Authors,(c) 2026 The Neon Relay Authors,Zlib,https://github.com/Leo88q/neon-relay (generated by scripts/build_neon_editor_art.py / build_neon_background.py / build_neon_countryflags.py),"original Neon Relay editor/theme/flag artwork, created for this project (BL-16)",ship
data/countryflags/ES-GA.png,d471ab318a4bbbc210e6e170b8bf8865ee158e89194da9248864aeb6e6e6b6d5,image/png,The Neon Relay Authors,(c) 2026 The Neon Relay Authors,Zlib,https://github.com/Leo88q/neon-relay (generated by scripts/build_neon_editor_art.py / build_neon_background.py / build_neon_countryflags.py),"original Neon Relay editor/theme/flag artwork, created for this project (BL-16)",ship
data/countryflags/ES.png,3eccb5379f6ae8b1da9043f0cec567c1d1227277ab43c9e3835678842f66331d,image/png,The Neon Relay Authors,(c) 2026 The Neon Relay Authors,Zlib,https://github.com/Leo88q/neon-relay (generated by scripts/build_neon_editor_art.py / build_neon_background.py / build_neon_countryflags.py),"original Neon Relay editor/theme/flag artwork, created for this project (BL-16)",ship
data/countryflags/ET.png,c90cd606a8649ddf9e0638758c9b4c26e0d694658e1049b635f75f4837a343f2,image/png,The Neon Relay Authors,(c) 2026 The Neon Relay Authors,Zlib,https://github.com/Leo88q/neon-relay (generated by scripts/build_neon_editor_art.py / build_neon_background.py / build_neon_countryflags.py),"original Neon Relay editor/theme/flag artwork, created for this project (BL-16)",ship
data/countryflags/EU.png,f0a5ab487bf67d874526054796014b969a5e3fada656411dbb837538cf509e94,image/png,The Neon Relay Authors,(c) 2026 The Neon Relay Authors,Zlib,https://github.com/Leo88q/neon-relay (generated by scripts/build_neon_editor_art.py / build_neon_background.py / build_neon_countryflags.py),"original Neon Relay editor/theme/flag artwork, created for this project (BL-16)",ship
data/countryflags/FI.png,53eda5d5385b32b5e92b5b342e6d0d4cf30f1c5a18627bc247ef62512b200ad0,image/png,The Neon Relay Authors,(c) 2026 The Neon Relay Authors,Zlib,https://github.com/Leo88q/neon-relay (generated by scripts/build_neon_editor_art.py / build_neon_background.py / build_neon_countryflags.py),"original Neon Relay editor/theme/flag artwork, created for this project (BL-16)",ship
data/countryflags/FJ.png,e452e147da2265692c8352d475c1562ee00bff437830e27802b03744c79e3934,image/png,The Neon Relay Authors,(c) 2026 The Neon Relay Authors,Zlib,https://github.com/Leo88q/neon-relay (generated by scripts/build_neon_editor_art.py / build_neon_background.py / build_neon_countryflags.py),"original Neon Relay editor/theme/flag artwork, created for this project (BL-16)",ship
data/countryflags/FK.png,f7578d0887b04fe9c806247072c847bc84432272397fb276dc8e1d2f4c929f8a,image/png,The Neon Relay Authors,(c) 2026 The Neon Relay Authors,Zlib,https://github.com/Leo88q/neon-relay (generated by scripts/build_neon_editor_art.py / build_neon_background.py / build_neon_countryflags.py),"original Neon Relay editor/theme/flag artwork, created for this project (BL-16)",ship
data/countryflags/FM.png,0a85f60789e73ed2e20a4b5e0861bfcbe65b6b72c36d0719b464688227a8e12d,image/png,The Neon Relay Authors,(c) 2026 The Neon Relay Authors,Zlib,https://github.com/Leo88q/neon-relay (generated by scripts/build_neon_editor_art.py / build_neon_background.py / build_neon_countryflags.py),"original Neon Relay editor/theme/flag artwork, created for this project (BL-16)",ship
data/countryflags/FO.png,cf89785356bd97ee458affd4e0908513deb67bc1ec047e559fdaeb77dcd59066,image/png,The Neon Relay Authors,(c) 2026 The Neon Relay Authors,Zlib,https://github.com/Leo88q/neon-relay (generated by scripts/build_neon_editor_art.py / build_neon_background.py / build_neon_countryflags.py),"original Neon Relay editor/theme/flag artwork, created for this project (BL-16)",ship
data/countryflags/FR.png,460ddcfbe35c4099909b89cb174b275212acefa017e50596cd9b59f563b6ff92,image/png,The Neon Relay Authors,(c) 2026 The Neon Relay Authors,Zlib,https://github.com/Leo88q/neon-relay (generated by scripts/build_neon_editor_art.py / build_neon_background.py / build_neon_countryflags.py),"original Neon Relay editor/theme/flag artwork, created for this project (BL-16)",ship
data/countryflags/GA.png,683f89354e6be0c3752d92ee9551f8b4aeff42c55d9b01c59c649bc9da8184bb,image/png,The Neon Relay Authors,(c) 2026 The Neon Relay Authors,Zlib,https://github.com/Leo88q/neon-relay (generated by scripts/build_neon_editor_art.py / build_neon_background.py / build_neon_countryflags.py),"original Neon Relay editor/theme/flag artwork, created for this project (BL-16)",ship
data/countryflags/GB-ENG.png,02bf678ae374dee26b8711ff667824748c66f10eb904713646d3051a9ac42416,image/png,The Neon Relay Authors,(c) 2026 The Neon Relay Authors,Zlib,https://github.com/Leo88q/neon-relay (generated by scripts/build_neon_editor_art.py / build_neon_background.py / build_neon_countryflags.py),"original Neon Relay editor/theme/flag artwork, created for this project (BL-16)",ship
data/countryflags/GB-NIR.png,2808b61c3a931e326a073424d02a559fbbf8d9303e6e2eed9bab2d982f9e8cbe,image/png,The Neon Relay Authors,(c) 2026 The Neon Relay Authors,Zlib,https://github.com/Leo88q/neon-relay (generated by scripts/build_neon_editor_art.py / build_neon_background.py / build_neon_countryflags.py),"original Neon Relay editor/theme/flag artwork, created for this project (BL-16)",ship
data/countryflags/GB-SCT.png,1c3b04004b3b466c19d76d00346b7cbf132f8bec29e55798fcf86a99dcbd0b8b,image/png,The Neon Relay Authors,(c) 2026 The Neon Relay Authors,Zlib,https://github.com/Leo88q/neon-relay (generated by scripts/build_neon_editor_art.py / build_neon_background.py / build_neon_countryflags.py),"original Neon Relay editor/theme/flag artwork, created for this project (BL-16)",ship
data/countryflags/GB-WLS.png,311e7e96fa8e15b0a8be512ce4c7b795bd665d121dd6000e8c99a355072a14bc,image/png,The Neon Relay Authors,(c) 2026 The Neon Relay Authors,Zlib,https://github.com/Leo88q/neon-relay (generated by scripts/build_neon_editor_art.py / build_neon_background.py / build_neon_countryflags.py),"original Neon Relay editor/theme/flag artwork, created for this project (BL-16)",ship
data/countryflags/GB.png,6f3e58f56dc83165fd29f8492b4947383efaa83df648257eb7088ed951489d56,image/png,The Neon Relay Authors,(c) 2026 The Neon Relay Authors,Zlib,https://github.com/Leo88q/neon-relay (generated by scripts/build_neon_editor_art.py / build_neon_background.py / build_neon_countryflags.py),"original Neon Relay editor/theme/flag artwork, created for this project (BL-16)",ship
data/countryflags/GD.png,b6177e7c5c5530ebb12aa0c570e6221591f8b88fe375e38c44caccda81ba6006,image/png,The Neon Relay Authors,(c) 2026 The Neon Relay Authors,Zlib,https://github.com/Leo88q/neon-relay (generated by scripts/build_neon_editor_art.py / build_neon_background.py / build_neon_countryflags.py),"original Neon Relay editor/theme/flag artwork, created for this project (BL-16)",ship
data/countryflags/GE.png,a06479152ee177f9afd9cb2fc5fa89d12039927c2f879fe9bee255e77fd09331,image/png,The Neon Relay Authors,(c) 2026 The Neon Relay Authors,Zlib,https://github.com/Leo88q/neon-relay (generated by scripts/build_neon_editor_art.py / build_neon_background.py / build_neon_countryflags.py),"original Neon Relay editor/theme/flag artwork, created for this project (BL-16)",ship
data/countryflags/GF.png,57bba00152258691e360d871e441f9cd050f5656bddb31b37f67a64bb1c49ac3,image/png,The Neon Relay Authors,(c) 2026 The Neon Relay Authors,Zlib,https://github.com/Leo88q/neon-relay (generated by scripts/build_neon_editor_art.py / build_neon_background.py / build_neon_countryflags.py),"original Neon Relay editor/theme/flag artwork, created for this project (BL-16)",ship
data/countryflags/GG.png,099e75970351cda59932eeed1dde74e55c176f643dbfdd57907b98faf4e9b9ba,image/png,The Neon Relay Authors,(c) 2026 The Neon Relay Authors,Zlib,https://github.com/Leo88q/neon-relay (generated by scripts/build_neon_editor_art.py / build_neon_background.py / build_neon_countryflags.py),"original Neon Relay editor/theme/flag artwork, created for this project (BL-16)",ship
data/countryflags/GH.png,63a636579211ff1e160b8bb59fab295c4140de15f28fa24a0ee202a1f862eba3,image/png,The Neon Relay Authors,(c) 2026 The Neon Relay Authors,Zlib,https://github.com/Leo88q/neon-relay (generated by scripts/build_neon_editor_art.py / build_neon_background.py / build_neon_countryflags.py),"original Neon Relay editor/theme/flag artwork, created for this project (BL-16)",ship
data/countryflags/GI.png,dd56787b4b535981325deaafedc97c36625a3ebbfaf1205f502dac279480334d,image/png,The Neon Relay Authors,(c) 2026 The Neon Relay Authors,Zlib,https://github.com/Leo88q/neon-relay (generated by scripts/build_neon_editor_art.py / build_neon_background.py / build_neon_countryflags.py),"original Neon Relay editor/theme/flag artwork, created for this project (BL-16)",ship
data/countryflags/GL.png,312762de3c85a9af6db83134940af2ba86de2bf21c2e4ddfe69d3ea43cb85f84,image/png,The Neon Relay Authors,(c) 2026 The Neon Relay Authors,Zlib,https://github.com/Leo88q/neon-relay (generated by scripts/build_neon_editor_art.py / build_neon_background.py / build_neon_countryflags.py),"original Neon Relay editor/theme/flag artwork, created for this project (BL-16)",ship
data/countryflags/GM.png,a6461b15f52530ed6a3a8e574767cb4b40f6775350c3d6c9102247b95dba2123,image/png,The Neon Relay Authors,(c) 2026 The Neon Relay Authors,Zlib,https://github.com/Leo88q/neon-relay (generated by scripts/build_neon_editor_art.py / build_neon_background.py / build_neon_countryflags.py),"original Neon Relay editor/theme/flag artwork, created for this project (BL-16)",ship
data/countryflags/GN.png,d6f2c724b33f6de45caaba1dda73315e1928a7c7a220f97c0e59309aacbafcf0,image/png,The Neon Relay Authors,(c) 2026 The Neon Relay Authors,Zlib,https://github.com/Leo88q/neon-relay (generated by scripts/build_neon_editor_art.py / build_neon_background.py / build_neon_countryflags.py),"original Neon Relay editor/theme/flag artwork, created for this project (BL-16)",ship
data/countryflags/GP.png,331ed1d4bc156e5ee09b2bc425833350a6676e6d085beb725871d5e7c8270b2c,image/png,The Neon Relay Authors,(c) 2026 The Neon Relay Authors,Zlib,https://github.com/Leo88q/neon-relay (generated by scripts/build_neon_editor_art.py / build_neon_background.py / build_neon_countryflags.py),"original Neon Relay editor/theme/flag artwork, created for this project (BL-16)",ship
data/countryflags/GQ.png,8c5ea7d8599b8150bf1b64b6b0b5dc880adfd8fc6306faf354c8055ec5589604,image/png,The Neon Relay Authors,(c) 2026 The Neon Relay Authors,Zlib,https://github.com/Leo88q/neon-relay (generated by scripts/build_neon_editor_art.py / build_neon_background.py / build_neon_countryflags.py),"original Neon Relay editor/theme/flag artwork, created for this project (BL-16)",ship
data/countryflags/GR.png,b3d688621becbdb3296613fb413323f75861233205b1b2636cc8a2ba3f1dd735,image/png,The Neon Relay Authors,(c) 2026 The Neon Relay Authors,Zlib,https://github.com/Leo88q/neon-relay (generated by scripts/build_neon_editor_art.py / build_neon_background.py / build_neon_countryflags.py),"original Neon Relay editor/theme/flag artwork, created for this project (BL-16)",ship
data/countryflags/GS.png,f7578d0887b04fe9c806247072c847bc84432272397fb276dc8e1d2f4c929f8a,image/png,The Neon Relay Authors,(c) 2026 The Neon Relay Authors,Zlib,https://github.com/Leo88q/neon-relay (generated by scripts/build_neon_editor_art.py / build_neon_background.py / build_neon_countryflags.py),"original Neon Relay editor/theme/flag artwork, created for this project (BL-16)",ship
data/countryflags/GT.png,3b0f79ffaeeea39b2e0ba0fe0b7f253c8fffd076b4cba0158eb8683c47486ce6,image/png,The Neon Relay Authors,(c) 2026 The Neon Relay Authors,Zlib,https://github.com/Leo88q/neon-relay (generated by scripts/build_neon_editor_art.py / build_neon_background.py / build_neon_countryflags.py),"original Neon Relay editor/theme/flag artwork, created for this project (BL-16)",ship
data/countryflags/GU.png,7332dd3dba03269784d2c179632e5ba95bddad1c43876c6f0ab43eb75604a2cd,image/png,The Neon Relay Authors,(c) 2026 The Neon Relay Authors,Zlib,https://github.com/Leo88q/neon-relay (generated by scripts/build_neon_editor_art.py / build_neon_background.py / build_neon_countryflags.py),"original Neon Relay editor/theme/flag artwork, created for this project (BL-16)",ship
data/countryflags/GW.png,cfce45b2a12ce788c25df4d6e961914ca401221be0790bfb61a7f60eade4de17,image/png,The Neon Relay Authors,(c) 2026 The Neon Relay Authors,Zlib,https://github.com/Leo88q/neon-relay (generated by scripts/build_neon_editor_art.py / build_neon_background.py / build_neon_countryflags.py),"original Neon Relay editor/theme/flag artwork, created for this project (BL-16)",ship
data/countryflags/GY.png,e8efba48e10dd99a63722e33ec3f06b787227e00da68d92ce82b5c5399b83820,image/png,The Neon Relay Authors,(c) 2026 The Neon Relay Authors,Zlib,https://github.com/Leo88q/neon-relay (generated by scripts/build_neon_editor_art.py / build_neon_background.py / build_neon_countryflags.py),"original Neon Relay editor/theme/flag artwork, created for this project (BL-16)",ship
data/countryflags/HK.png,c3e46ed4a68623f777c0a3d708523b5419acf4431275e2c288a56e7bd3f83158,image/png,The Neon Relay Authors,(c) 2026 The Neon Relay Authors,Zlib,https://github.com/Leo88q/neon-relay (generated by scripts/build_neon_editor_art.py / build_neon_background.py / build_neon_countryflags.py),"original Neon Relay editor/theme/flag artwork, created for this project (BL-16)",ship
data/countryflags/HN.png,6a603181d8064d19d1182056957b7234df5d9e742d241f068372bd1790b2bd17,image/png,The Neon Relay Authors,(c) 2026 The Neon Relay Authors,Zlib,https://github.com/Leo88q/neon-relay (generated by scripts/build_neon_editor_art.py / build_neon_background.py / build_neon_countryflags.py),"original Neon Relay editor/theme/flag artwork, created for this project (BL-16)",ship
data/countryflags/HR.png,888972f0955dab58538f43068fc17bcbe80a995dfe9d6b58c75df0d6ba201453,image/png,The Neon Relay Authors,(c) 2026 The Neon Relay Authors,Zlib,https://github.com/Leo88q/neon-relay (generated by scripts/build_neon_editor_art.py / build_neon_background.py / build_neon_countryflags.py),"original Neon Relay editor/theme/flag artwork, created for this project (BL-16)",ship
data/countryflags/HT.png,86eb2413f35c3cb83deaa9cf032ec493090e6f788e7568b61994695af830d86f,image/png,The Neon Relay Authors,(c) 2026 The Neon Relay Authors,Zlib,https://github.com/Leo88q/neon-relay (generated by scripts/build_neon_editor_art.py / build_neon_background.py / build_neon_countryflags.py),"original Neon Relay editor/theme/flag artwork, created for this project (BL-16)",ship
data/countryflags/HU.png,fbf321e4ed84c1e1179ab8d3b8d8ea7b6e5321acc1168726f0e81309f51a70c5,image/png,The Neon Relay Authors,(c) 2026 The Neon Relay Authors,Zlib,https://github.com/Leo88q/neon-relay (generated by scripts/build_neon_editor_art.py / build_neon_background.py / build_neon_countryflags.py),"original Neon Relay editor/theme/flag artwork, created for this project (BL-16)",ship
data/countryflags/ID.png,6d1e059702683619a695307bf7e1be37a8d424005eb734d1f544bc6e4f5cb11a,image/png,The Neon Relay Authors,(c) 2026 The Neon Relay Authors,Zlib,https://github.com/Leo88q/neon-relay (generated by scripts/build_neon_editor_art.py / build_neon_background.py / build_neon_countryflags.py),"original Neon Relay editor/theme/flag artwork, created for this project (BL-16)",ship
data/countryflags/IE.png,0acd89a4c8842e20916c613200a27800d7804f067b1b854d487f45646a49d3e7,image/png,The Neon Relay Authors,(c) 2026 The Neon Relay Authors,Zlib,https://github.com/Leo88q/neon-relay (generated by scripts/build_neon_editor_art.py / build_neon_background.py / build_neon_countryflags.py),"original Neon Relay editor/theme/flag artwork, created for this project (BL-16)",ship
data/countryflags/IL.png,feeb7834060f99a5547241cd12da9e274d21c35ed218614d3727b342103aa11c,image/png,The Neon Relay Authors,(c) 2026 The Neon Relay Authors,Zlib,https://github.com/Leo88q/neon-relay (generated by scripts/build_neon_editor_art.py / build_neon_background.py / build_neon_countryflags.py),"original Neon Relay editor/theme/flag artwork, created for this project (BL-16)",ship
data/countryflags/IM.png,6b4cfb3947b4164ea2d6d8e57e6e55b074e6564001163b2b80f998e7aeb7d951,image/png,The Neon Relay Authors,(c) 2026 The Neon Relay Authors,Zlib,https://github.com/Leo88q/neon-relay (generated by scripts/build_neon_editor_art.py / build_neon_background.py / build_neon_countryflags.py),"original Neon Relay editor/theme/flag artwork, created for this project (BL-16)",ship
data/countryflags/IN.png,53cbed2d09c8714121dfa80327ace384f1d81f4fb45b29abd4e79a32bfb61755,image/png,The Neon Relay Authors,(c) 2026 The Neon Relay Authors,Zlib,https://github.com/Leo88q/neon-relay (generated by scripts/build_neon_editor_art.py / build_neon_background.py / build_neon_countryflags.py),"original Neon Relay editor/theme/flag artwork, created for this project (BL-16)",ship
data/countryflags/IO.png,0f2f686e4e06532185a180f096cfd5f433aa6205c5fc1d81e8ce46af2a8e7fec,image/png,The Neon Relay Authors,(c) 2026 The Neon Relay Authors,Zlib,https://github.com/Leo88q/neon-relay (generated by scripts/build_neon_editor_art.py / build_neon_background.py / build_neon_countryflags.py),"original Neon Relay editor/theme/flag artwork, created for this project (BL-16)",ship
data/countryflags/IQ.png,27171ab6beee5d14c7632e01bf2f31b30fdbc5422f4072a0d459ec6496868563,image/png,The Neon Relay Authors,(c) 2026 The Neon Relay Authors,Zlib,https://github.com/Leo88q/neon-relay (generated by scripts/build_neon_editor_art.py / build_neon_background.py / build_neon_countryflags.py),"original Neon Relay editor/theme/flag artwork, created for this project (BL-16)",ship
data/countryflags/IR.png,9be43ef7961048c5b790b03920e24c0b90b2328441cfc3f27b1b29ac431fb1b0,image/png,The Neon Relay Authors,(c) 2026 The Neon Relay Authors,Zlib,https://github.com/Leo88q/neon-relay (generated by scripts/build_neon_editor_art.py / build_neon_background.py / build_neon_countryflags.py),"original Neon Relay editor/theme/flag artwork, created for this project (BL-16)",ship
data/countryflags/IS.png,a5be6de47c3d3607403a30c875bdc87949ec2d646e76046fea9e3cc98934f83b,image/png,The Neon Relay Authors,(c) 2026 The Neon Relay Authors,Zlib,https://github.com/Leo88q/neon-relay (generated by scripts/build_neon_editor_art.py / build_neon_background.py / build_neon_countryflags.py),"original Neon Relay editor/theme/flag artwork, created for this project (BL-16)",ship
data/countryflags/IT.png,617520551bc60f600b3525dc2de180089936adb9d7c6383420e6eb7d453bb39f,image/png,The Neon Relay Authors,(c) 2026 The Neon Relay Authors,Zlib,https://github.com/Leo88q/neon-relay (generated by scripts/build_neon_editor_art.py / build_neon_background.py / build_neon_countryflags.py),"original Neon Relay editor/theme/flag artwork, created for this project (BL-16)",ship
data/countryflags/JE.png,b575e118fad3a31553f34ec0f38f71db7a3175c48344bf78fea25c5f15b4c175,image/png,The Neon Relay Authors,(c) 2026 The Neon Relay Authors,Zlib,https://github.com/Leo88q/neon-relay (generated by scripts/build_neon_editor_art.py / build_neon_background.py / build_neon_countryflags.py),"original Neon Relay editor/theme/flag artwork, created for this project (BL-16)",ship
data/countryflags/JM.png,3774f7674a117cd9d04c17444415e74bbbee90a335662697eecc075d1dd0542b,image/png,The Neon Relay Authors,(c) 2026 The Neon Relay Authors,Zlib,https://github.com/Leo88q/neon-relay (generated by scripts/build_neon_editor_art.py / build_neon_background.py / build_neon_countryflags.py),"original Neon Relay editor/theme/flag artwork, created for this project (BL-16)",ship
data/countryflags/JO.png,575416c254af76ff3076a9fa5c8b031dc980284287ad9a8151d82491a3e60300,image/png,The Neon Relay Authors,(c) 2026 The Neon Relay Authors,Zlib,https://github.com/Leo88q/neon-relay (generated by scripts/build_neon_editor_art.py / build_neon_background.py / build_neon_countryflags.py),"original Neon Relay editor/theme/flag artwork, created for this project (BL-16)",ship
data/countryflags/JP.png,eca4c18cbbd1e8205621d1188591f1a41249d69bd474f13b1eaca397de319d97,image/png,The Neon Relay Authors,(c) 2026 The Neon Relay Authors,Zlib,https://github.com/Leo88q/neon-relay (generated by scripts/build_neon_editor_art.py / build_neon_background.py / build_neon_countryflags.py),"original Neon Relay editor/theme/flag artwork, created for this project (BL-16)",ship
data/countryflags/KE.png,471e75dc0f000515a2aefdf3e0e6083eaa877529f1c4aeb4857dfae5a14fbb66,image/png,The Neon Relay Authors,(c) 2026 The Neon Relay Authors,Zlib,https://github.com/Leo88q/neon-relay (generated by scripts/build_neon_editor_art.py / build_neon_background.py / build_neon_countryflags.py),"original Neon Relay editor/theme/flag artwork, created for this project (BL-16)",ship
data/countryflags/KG.png,eda53cdd43b48159233084a6c8255fa8de628f5d777ef062a5833c34c2b68607,image/png,The Neon Relay Authors,(c) 2026 The Neon Relay Authors,Zlib,https://github.com/Leo88q/neon-relay (generated by scripts/build_neon_editor_art.py / build_neon_background.py / build_neon_countryflags.py),"original Neon Relay editor/theme/flag artwork, created for this project (BL-16)",ship
data/countryflags/KH.png,cb6e72197046d9de0bb34939244481bc95c05f4118489a8c1211087373496f1b,image/png,The Neon Relay Authors,(c) 2026 The Neon Relay Authors,Zlib,https://github.com/Leo88q/neon-relay (generated by scripts/build_neon_editor_art.py / build_neon_background.py / build_neon_countryflags.py),"original Neon Relay editor/theme/flag artwork, created for this project (BL-16)",ship
data/countryflags/KI.png,ab24864566c20f90cb08177de37679a90cfa7619d3fc65195513829779c262fa,image/png,The Neon Relay Authors,(c) 2026 The Neon Relay Authors,Zlib,https://github.com/Leo88q/neon-relay (generated by scripts/build_neon_editor_art.py / build_neon_background.py / build_neon_countryflags.py),"original Neon Relay editor/theme/flag artwork, created for this project (BL-16)",ship
data/countryflags/KM.png,cc4da41c6a1c77d31f33a9344d464fd4f18501a4758b248568752806fc951da4,image/png,The Neon Relay Authors,(c) 2026 The Neon Relay Authors,Zlib,https://github.com/Leo88q/neon-relay (generated by scripts/build_neon_editor_art.py / build_neon_background.py / build_neon_countryflags.py),"original Neon Relay editor/theme/flag artwork, created for this project (BL-16)",ship
data/countryflags/KN.png,57a3f7786cca138d0e324573f8d8872e9bbbf873973cdecb52fecf394f8a8ce8,image/png,The Neon Relay Authors,(c) 2026 The Neon Relay Authors,Zlib,https://github.com/Leo88q/neon-relay (generated by scripts/build_neon_editor_art.py / build_neon_background.py / build_neon_countryflags.py),"original Neon Relay editor/theme/flag artwork, created for this project (BL-16)",ship
data/countryflags/KP.png,4d53c4174a91d9f9a708d10b4f353761616a490fa44ffe723eab85030379a4b3,image/png,The Neon Relay Authors,(c) 2026 The Neon Relay Authors,Zlib,https://github.com/Leo88q/neon-relay (generated by scripts/build_neon_editor_art.py / build_neon_background.py / build_neon_countryflags.py),"original Neon Relay editor/theme/flag artwork, created for this project (BL-16)",ship
data/countryflags/KR.png,4ab6232b13fd73602b42a10638920afd813487f775af1006296fd08ade34fe7b,image/png,The Neon Relay Authors,(c) 2026 The Neon Relay Authors,Zlib,https://github.com/Leo88q/neon-relay (generated by scripts/build_neon_editor_art.py / build_neon_background.py / build_neon_countryflags.py),"original Neon Relay editor/theme/flag artwork, created for this project (BL-16)",ship
data/countryflags/KW.png,37bfa2d991aac2aca1075d26d4bb88140d285c0fd8f1d18384a724658c09dd91,image/png,The Neon Relay Authors,(c) 2026 The Neon Relay Authors,Zlib,https://github.com/Leo88q/neon-relay (generated by scripts/build_neon_editor_art.py / build_neon_background.py / build_neon_countryflags.py),"original Neon Relay editor/theme/flag artwork, created for this project (BL-16)",ship
data/countryflags/KY.png,1b20c15bceeb45378ddf66a8fe1774cebbaf1b9e2ec6bdd9ba3fef24fddbd4a2,image/png,The Neon Relay Authors,(c) 2026 The Neon Relay Authors,Zlib,https://github.com/Leo88q/neon-relay (generated by scripts/build_neon_editor_art.py / build_neon_background.py / build_neon_countryflags.py),"original Neon Relay editor/theme/flag artwork, created for this project (BL-16)",ship
data/countryflags/KZ.png,24977d148303845782c801a4fac164f9701223383d4f8ac18c0317a091d05f78,image/png,The Neon Relay Authors,(c) 2026 The Neon Relay Authors,Zlib,https://github.com/Leo88q/neon-relay (generated by scripts/build_neon_editor_art.py / build_neon_background.py / build_neon_countryflags.py),"original Neon Relay editor/theme/flag artwork, created for this project (BL-16)",ship
data/countryflags/LA.png,28c07fd007a1558208185262ba95653b62fda44106c8e980d25855a0e14e60a8,image/png,The Neon Relay Authors,(c) 2026 The Neon Relay Authors,Zlib,https://github.com/Leo88q/neon-relay (generated by scripts/build_neon_editor_art.py / build_neon_background.py / build_neon_countryflags.py),"original Neon Relay editor/theme/flag artwork, created for this project (BL-16)",ship
data/countryflags/LB.png,78efa1ca10bb54d21a19e16efb77481bd7d88e6552734b5fb603fe025d13c21f,image/png,The Neon Relay Authors,(c) 2026 The Neon Relay Authors,Zlib,https://github.com/Leo88q/neon-relay (generated by scripts/build_neon_editor_art.py / build_neon_background.py / build_neon_countryflags.py),"original Neon Relay editor/theme/flag artwork, created for this project (BL-16)",ship
data/countryflags/LC.png,577c9dbf44a7fa7174316e3b75d4ef4f85ac2bb65b150a0b6a99029f282ce7a7,image/png,The Neon Relay Authors,(c) 2026 The Neon Relay Authors,Zlib,https://github.com/Leo88q/neon-relay (generated by scripts/build_neon_editor_art.py / build_neon_background.py / build_neon_countryflags.py),"original Neon Relay editor/theme/flag artwork, created for this project (BL-16)",ship
data/countryflags/LI.png,9593a76a246956c5e5d7bacc83208859b2c4383e606c0221d539f5b50198d642,image/png,The Neon Relay Authors,(c) 2026 The Neon Relay Authors,Zlib,https://github.com/Leo88q/neon-relay (generated by scripts/build_neon_editor_art.py / build_neon_background.py / build_neon_countryflags.py),"original Neon Relay editor/theme/flag artwork, created for this project (BL-16)",ship
data/countryflags/LK.png,adb1f866c8f33d2476b5267e14fa17c1c205bcc662399dfde266838b044e53ca,image/png,The Neon Relay Authors,(c) 2026 The Neon Relay Authors,Zlib,https://github.com/Leo88q/neon-relay (generated by scripts/build_neon_editor_art.py / build_neon_background.py / build_neon_countryflags.py),"original Neon Relay editor/theme/flag artwork, created for this project (BL-16)",ship
data/countryflags/LR.png,80fddbe26d6eb0da885343c39c4b4a988513aaecdef1f489ab2ef781fc033109,image/png,The Neon Relay Authors,(c) 2026 The Neon Relay Authors,Zlib,https://github.com/Leo88q/neon-relay (generated by scripts/build_neon_editor_art.py / build_neon_background.py / build_neon_countryflags.py),"original Neon Relay editor/theme/flag artwork, created for this project (BL-16)",ship
data/countryflags/LS.png,1cba3ba40b353dfe35e2969d143fb615547802f5ef8c669e6b975abf5824a128,image/png,The Neon Relay Authors,(c) 2026 The Neon Relay Authors,Zlib,https://github.com/Leo88q/neon-relay (generated by scripts/build_neon_editor_art.py / build_neon_background.py / build_neon_countryflags.py),"original Neon Relay editor/theme/flag artwork, created for this project (BL-16)",ship
data/countryflags/LT.png,e6eb21312e9f67a97a0bc4c5855ac1c6666524ac622c104e748b7428cfc06acc,image/png,The Neon Relay Authors,(c) 2026 The Neon Relay Authors,Zlib,https://github.com/Leo88q/neon-relay (generated by scripts/build_neon_editor_art.py / build_neon_background.py / build_neon_countryflags.py),"original Neon Relay editor/theme/flag artwork, created for this project (BL-16)",ship
data/countryflags/LU.png,8696882d998607002bc6822119e8ef5e14193d661fb4caaf60190c825db8fd86,image/png,The Neon Relay Authors,(c) 2026 The Neon Relay Authors,Zlib,https://github.com/Leo88q/neon-relay (generated by scripts/build_neon_editor_art.py / build_neon_background.py / build_neon_countryflags.py),"original Neon Relay editor/theme/flag artwork, created for this project (BL-16)",ship
data/countryflags/LV.png,2882bc1c72e3c86f48de246a3c1dc9753ff5dc3242f30311b7ed7e7dd35c4b81,image/png,The Neon Relay Authors,(c) 2026 The Neon Relay Authors,Zlib,https://github.com/Leo88q/neon-relay (generated by scripts/build_neon_editor_art.py / build_neon_background.py / build_neon_countryflags.py),"original Neon Relay editor/theme/flag artwork, created for this project (BL-16)",ship
data/countryflags/LY.png,4da3f07498ce43c5e65b179e2592d274b25c4769554213c7b1d433af8fae0962,image/png,The Neon Relay Authors,(c) 2026 The Neon Relay Authors,Zlib,https://github.com/Leo88q/neon-relay (generated by scripts/build_neon_editor_art.py / build_neon_background.py / build_neon_countryflags.py),"original Neon Relay editor/theme/flag artwork, created for this project (BL-16)",ship
data/countryflags/MA.png,943c4f6a4609896a0234e862fa961437bc3af6a258b0df80f4a5d196e8fcc008,image/png,The Neon Relay Authors,(c) 2026 The Neon Relay Authors,Zlib,https://github.com/Leo88q/neon-relay (generated by scripts/build_neon_editor_art.py / build_neon_background.py / build_neon_countryflags.py),"original Neon Relay editor/theme/flag artwork, created for this project (BL-16)",ship
data/countryflags/MC.png,6d1e059702683619a695307bf7e1be37a8d424005eb734d1f544bc6e4f5cb11a,image/png,The Neon Relay Authors,(c) 2026 The Neon Relay Authors,Zlib,https://github.com/Leo88q/neon-relay (generated by scripts/build_neon_editor_art.py / build_neon_background.py / build_neon_countryflags.py),"original Neon Relay editor/theme/flag artwork, created for this project (BL-16)",ship
data/countryflags/MD.png,3fcd5bbeff4559211102e210b3679dfc3073360dcdef5398bd1e38907ec2f5fc,image/png,The Neon Relay Authors,(c) 2026 The Neon Relay Authors,Zlib,https://github.com/Leo88q/neon-relay (generated by scripts/build_neon_editor_art.py / build_neon_background.py / build_neon_countryflags.py),"original Neon Relay editor/theme/flag artwork, created for this project (BL-16)",ship
data/countryflags/ME.png,f8d94994e7a8006a916385e29fc6486f16ce6d390652bb2150bf0c7d2a32f768,image/png,The Neon Relay Authors,(c) 2026 The Neon Relay Authors,Zlib,https://github.com/Leo88q/neon-relay (generated by scripts/build_neon_editor_art.py / build_neon_background.py / build_neon_countryflags.py),"original Neon Relay editor/theme/flag artwork, created for this project (BL-16)",ship
data/countryflags/MF.png,8e4b29a94f3452dbef8a2b76af2c6e9fcb5c66e86b6f3b32509450e6d5c1f5ef,image/png,The Neon Relay Authors,(c) 2026 The Neon Relay Authors,Zlib,https://github.com/Leo88q/neon-relay (generated by scripts/build_neon_editor_art.py / build_neon_background.py / build_neon_countryflags.py),"original Neon Relay editor/theme/flag artwork, created for this project (BL-16)",ship
data/countryflags/MG.png,b4a1c6e914ff81ad37ec6d67fddaba75af70ed03db5fbb908083ba174b2f3cdb,image/png,The Neon Relay Authors,(c) 2026 The Neon Relay Authors,Zlib,https://github.com/Leo88q/neon-relay (generated by scripts/build_neon_editor_art.py / build_neon_background.py / build_neon_countryflags.py),"original Neon Relay editor/theme/flag artwork, created for this project (BL-16)",ship
data/countryflags/MH.png,f7d15763b6a9528d1c08f12a869f6ddc097578d990571c96f05c139e47172da9,image/png,The Neon Relay Authors,(c) 2026 The Neon Relay Authors,Zlib,https://github.com/Leo88q/neon-relay (generated by scripts/build_neon_editor_art.py / build_neon_background.py / build_neon_countryflags.py),"original Neon Relay editor/theme/flag artwork, created for this project (BL-16)",ship
data/countryflags/MK.png,47f0f2d9a0bd392fc54dee081b1624b4e8e402f04e847b1b10d8a794649cb13e,image/png,The Neon Relay Authors,(c) 2026 The Neon Relay Authors,Zlib,https://github.com/Leo88q/neon-relay (generated by scripts/build_neon_editor_art.py / build_neon_background.py / build_neon_countryflags.py),"original Neon Relay editor/theme/flag artwork, created for this project (BL-16)",ship
data/countryflags/ML.png,7ac6b5a20949d51b9d389704bc574c33ce76c28758ee831bd67b7d8eee292156,image/png,The Neon Relay Authors,(c) 2026 The Neon Relay Authors,Zlib,https://github.com/Leo88q/neon-relay (generated by scripts/build_neon_editor_art.py / build_neon_background.py / build_neon_countryflags.py),"original Neon Relay editor/theme/flag artwork, created for this project (BL-16)",ship
data/countryflags/MM.png,067d27e2db791d7ff396ff435c85a23c478a34fee7395d818135a257aee66aaf,image/png,The Neon Relay Authors,(c) 2026 The Neon Relay Authors,Zlib,https://github.com/Leo88q/neon-relay (generated by scripts/build_neon_editor_art.py / build_neon_background.py / build_neon_countryflags.py),"original Neon Relay editor/theme/flag artwork, created for this project (BL-16)",ship
data/countryflags/MN.png,b1807332ec9cd0139673761e24e6afad630f85390ac673ac290abf4809df4ad8,image/png,The Neon Relay Authors,(c) 2026 The Neon Relay Authors,Zlib,https://github.com/Leo88q/neon-relay (generated by scripts/build_neon_editor_art.py / build_neon_background.py / build_neon_countryflags.py),"original Neon Relay editor/theme/flag artwork, created for this project (BL-16)",ship
data/countryflags/MO.png,818ec0f05c78ee5d708f0463183e6cd438d7a2f5ad03f81e03a725060b42e2aa,image/png,The Neon Relay Authors,(c) 2026 The Neon Relay Authors,Zlib,https://github.com/Leo88q/neon-relay (generated by scripts/build_neon_editor_art.py / build_neon_background.py / build_neon_countryflags.py),"original Neon Relay editor/theme/flag artwork, created for this project (BL-16)",ship
data/countryflags/MP.png,b1f437180c99202f262b198487806889c253021a63aaf30a020f1649d3b8c901,image/png,The Neon Relay Authors,(c) 2026 The Neon Relay Authors,Zlib,https://github.com/Leo88q/neon-relay (generated by scripts/build_neon_editor_art.py / build_neon_background.py / build_neon_countryflags.py),"original Neon Relay editor/theme/flag artwork, created for this project (BL-16)",ship
data/countryflags/MQ.png,51d6214497df556f298afc86573996fc854f76d040641c6d68d9b6d58f295939,image/png,The Neon Relay Authors,(c) 2026 The Neon Relay Authors,Zlib,https://github.com/Leo88q/neon-relay (generated by scripts/build_neon_editor_art.py / build_neon_background.py / build_neon_countryflags.py),"original Neon Relay editor/theme/flag artwork, created for this project (BL-16)",ship
data/countryflags/MR.png,26b74c5668f3e33c19725d355c0688d539f3d72feaaf034dfb18c76b6e517728,image/png,The Neon Relay Authors,(c) 2026 The Neon Relay Authors,Zlib,https://github.com/Leo88q/neon-relay (generated by scripts/build_neon_editor_art.py / build_neon_background.py / build_neon_countryflags.py),"original Neon Relay editor/theme/flag artwork, created for this project (BL-16)",ship
data/countryflags/MS.png,3b6bc41bb3946c04c918ee2e787e6a2c6e889404b89d2e27dc748856d9a7d4a8,image/png,The Neon Relay Authors,(c) 2026 The Neon Relay Authors,Zlib,https://github.com/Leo88q/neon-relay (generated by scripts/build_neon_editor_art.py / build_neon_background.py / build_neon_countryflags.py),"original Neon Relay editor/theme/flag artwork, created for this project (BL-16)",ship
data/countryflags/MT.png,d1c2d45956520ac06e5905672f75c59052153e61af1a548e8e4d7167b84a8734,image/png,The Neon Relay Authors,(c) 2026 The Neon Relay Authors,Zlib,https://github.com/Leo88q/neon-relay (generated by scripts/build_neon_editor_art.py / build_neon_background.py / build_neon_countryflags.py),"original Neon Relay editor/theme/flag artwork, created for this project (BL-16)",ship
data/countryflags/MU.png,048ba5b290945a37f41cd17522abde6f79a4e2986d38e745fa8f2c5f0cdb0902,image/png,The Neon Relay Authors,(c) 2026 The Neon Relay Authors,Zlib,https://github.com/Leo88q/neon-relay (generated by scripts/build_neon_editor_art.py / build_neon_background.py / build_neon_countryflags.py),"original Neon Relay editor/theme/flag artwork, created for this project (BL-16)",ship
data/countryflags/MV.png,40ebb7ad34fe3d3cd6a758df332691d4e519440c2cb2ba56628bbd5ba05b01d6,image/png,The Neon Relay Authors,(c) 2026 The Neon Relay Authors,Zlib,https://github.com/Leo88q/neon-relay (generated by scripts/build_neon_editor_art.py / build_neon_background.py / build_neon_countryflags.py),"original Neon Relay editor/theme/flag artwork, created for this project (BL-16)",ship
data/countryflags/MW.png,b240b0622ad57700ce29d9bf96b6efc56d18b8a57c36aff8838265bb7f6f89de,image/png,The Neon Relay Authors,(c) 2026 The Neon Relay Authors,Zlib,https://github.com/Leo88q/neon-relay (generated by scripts/build_neon_editor_art.py / build_neon_background.py / build_neon_countryflags.py),"original Neon Relay editor/theme/flag artwork, created for this project (BL-16)",ship
data/countryflags/MX.png,6ed20e30c549b0b7c492c8eb1e108d28bd8528f77a156454814cb81e2d43e098,image/png,The Neon Relay Authors,(c) 2026 The Neon Relay Authors,Zlib,https://github.com/Leo88q/neon-relay (generated by scripts/build_neon_editor_art.py / build_neon_background.py / build_neon_countryflags.py),"original Neon Relay editor/theme/flag artwork, created for this project (BL-16)",ship
data/countryflags/MY.png,cef8022ecfb68515c2fd6fe227c9f832121a9cf5a67ca17ad8a6f4ac60256db3,image/png,The Neon Relay Authors,(c) 2026 The Neon Relay Authors,Zlib,https://github.com/Leo88q/neon-relay (generated by scripts/build_neon_editor_art.py / build_neon_background.py / build_neon_countryflags.py),"original Neon Relay editor/theme/flag artwork, created for this project (BL-16)",ship
data/countryflags/MZ.png,696c1f070678c70a25e7a6a79a42a911a1efd07edc302388e696c9ce15b1f176,image/png,The Neon Relay Authors,(c) 2026 The Neon Relay Authors,Zlib,https://github.com/Leo88q/neon-relay (generated by scripts/build_neon_editor_art.py / build_neon_background.py / build_neon_countryflags.py),"original Neon Relay editor/theme/flag artwork, created for this project (BL-16)",ship
data/countryflags/NA.png,8e7faae2c0fb56be7ca291a68420395e0f866e2be7a3fce1bd1f26492fdd16c7,image/png,The Neon Relay Authors,(c) 2026 The Neon Relay Authors,Zlib,https://github.com/Leo88q/neon-relay (generated by scripts/build_neon_editor_art.py / build_neon_background.py / build_neon_countryflags.py),"original Neon Relay editor/theme/flag artwork, created for this project (BL-16)",ship
data/countryflags/NC.png,cb6ced455dc17bb4ad01239fbc2683b0680bfdb314f15d5e3151b03495879926,image/png,The Neon Relay Authors,(c) 2026 The Neon Relay Authors,Zlib,https://github.com/Leo88q/neon-relay (generated by scripts/build_neon_editor_art.py / build_neon_background.py / build_neon_countryflags.py),"original Neon Relay editor/theme/flag artwork, created for this project (BL-16)",ship
data/countryflags/NE.png,2a3bde9efd5258d0250a717f0bc9a514d6f230ee8dc71de7dda4da813ac736bd,image/png,The Neon Relay Authors,(c) 2026 The Neon Relay Authors,Zlib,https://github.com/Leo88q/neon-relay (generated by scripts/build_neon_editor_art.py / build_neon_background.py / build_neon_countryflags.py),"original Neon Relay editor/theme/flag artwork, created for this project (BL-16)",ship
data/countryflags/NF.png,a51f221c6767a983a6119e0d9a7ca3ccdf45560aea183869653abbb3749ef216,image/png,The Neon Relay Authors,(c) 2026 The Neon Relay Authors,Zlib,https://github.com/Leo88q/neon-relay (generated by scripts/build_neon_editor_art.py / build_neon_background.py / build_neon_countryflags.py),"original Neon Relay editor/theme/flag artwork, created for this project (BL-16)",ship
data/countryflags/NG.png,4e061853eacbc6839f0183c9c278df1bf5accc3cabc40ef505b6d1a3c4504d86,image/png,The Neon Relay Authors,(c) 2026 The Neon Relay Authors,Zlib,https://github.com/Leo88q/neon-relay (generated by scripts/build_neon_editor_art.py / build_neon_background.py / build_neon_countryflags.py),"original Neon Relay editor/theme/flag artwork, created for this project (BL-16)",ship
data/countryflags/NI.png,27f12b826e1e7d521bc6ba9f33fb5deeac4cbf8ed80a32a1f74e46cb856a0b2d,image/png,The Neon Relay Authors,(c) 2026 The Neon Relay Authors,Zlib,https://github.com/Leo88q/neon-relay (generated by scripts/build_neon_editor_art.py / build_neon_background.py / build_neon_countryflags.py),"original Neon Relay editor/theme/flag artwork, created for this project (BL-16)",ship
data/countryflags/NL.png,001cc69ac6cf28ea280a3095fb450053ce92be2a7d2b219333f0f8908b6296d2,image/png,The Neon Relay Authors,(c) 2026 The Neon Relay Authors,Zlib,https://github.com/Leo88q/neon-relay (generated by scripts/build_neon_editor_art.py / build_neon_background.py / build_neon_countryflags.py),"original Neon Relay editor/theme/flag artwork, created for this project (BL-16)",ship
data/countryflags/NO.png,bf74d4dc92eff46eb4a04485cfe79014d7add82ee792f3c2ee860c5173c0e257,image/png,The Neon Relay Authors,(c) 2026 The Neon Relay Authors,Zlib,https://github.com/Leo88q/neon-relay (generated by scripts/build_neon_editor_art.py / build_neon_background.py / build_neon_countryflags.py),"original Neon Relay editor/theme/flag artwork, created for this project (BL-16)",ship
data/countryflags/NP.png,c19d7bd4525bb542d53cd929d638bb28d91db48eefe513780b89938b916c5974,image/png,The Neon Relay Authors,(c) 2026 The Neon Relay Authors,Zlib,https://github.com/Leo88q/neon-relay (generated by scripts/build_neon_editor_art.py / build_neon_background.py / build_neon_countryflags.py),"original Neon Relay editor/theme/flag artwork, created for this project (BL-16)",ship
data/countryflags/NR.png,b3ecd71fcf8cdeb23ca4b50294c304199fc3eb50fed342759ee12dece6234e7f,image/png,The Neon Relay Authors,(c) 2026 The Neon Relay Authors,Zlib,https://github.com/Leo88q/neon-relay (generated by scripts/build_neon_editor_art.py / build_neon_background.py / build_neon_countryflags.py),"original Neon Relay editor/theme/flag artwork, created for this project (BL-16)",ship
data/countryflags/NU.png,601d4ff46714cdc1ed15d958e68927c234aaef32b04485b3c6551f4b38a1d026,image/png,The Neon Relay Authors,(c) 2026 The Neon Relay Authors,Zlib,https://github.com/Leo88q/neon-relay (generated by scripts/build_neon_editor_art.py / build_neon_background.py / build_neon_countryflags.py),"original Neon Relay editor/theme/flag artwork, created for this project (BL-16)",ship
data/countryflags/NZ.png,2f465da8eb9eac45af6ec0997bee10538550fc6e43da8b5227b9f5429449bbee,image/png,The Neon Relay Authors,(c) 2026 The Neon Relay Authors,Zlib,https://github.com/Leo88q/neon-relay (generated by scripts/build_neon_editor_art.py / build_neon_background.py / build_neon_countryflags.py),"original Neon Relay editor/theme/flag artwork, created for this project (BL-16)",ship
data/countryflags/OM.png,d30f92f5c7d388713203469d2b48f94d8bc8dd5877d30deb298f98c1761042ff,image/png,The Neon Relay Authors,(c) 2026 The Neon Relay Authors,Zlib,https://github.com/Leo88q/neon-relay (generated by scripts/build_neon_editor_art.py / build_neon_background.py / build_neon_countryflags.py),"original Neon Relay editor/theme/flag artwork, created for this project (BL-16)",ship
data/countryflags/PA.png,12877a10e565e9728961c9eb76c0e5a97232a2f7a54a071c3c16adc869e541bb,image/png,The Neon Relay Authors,(c) 2026 The Neon Relay Authors,Zlib,https://github.com/Leo88q/neon-relay (generated by scripts/build_neon_editor_art.py / build_neon_background.py / build_neon_countryflags.py),"original Neon Relay editor/theme/flag artwork, created for this project (BL-16)",ship
data/countryflags/PE.png,0e36def5472cd57a966c8c43c04b494bef583c2646c22ad716bd584f6b4ff4e5,image/png,The Neon Relay Authors,(c) 2026 The Neon Relay Authors,Zlib,https://github.com/Leo88q/neon-relay (generated by scripts/build_neon_editor_art.py / build_neon_background.py / build_neon_countryflags.py),"original Neon Relay editor/theme/flag artwork, created for this project (BL-16)",ship
data/countryflags/PF.png,df87403a7b327801741281e3ce4465b55f05aed35360967b296017d96bcee113,image/png,The Neon Relay Authors,(c) 2026 The Neon Relay Authors,Zlib,https://github.com/Leo88q/neon-relay (generated by scripts/build_neon_editor_art.py / build_neon_background.py / build_neon_countryflags.py),"original Neon Relay editor/theme/flag artwork, created for this project (BL-16)",ship
data/countryflags/PG.png,129d8f7e9d9cdf15c3c18006f9b9e853e13902a702e1568671bcd381e3dfee02,image/png,The Neon Relay Authors,(c) 2026 The Neon Relay Authors,Zlib,https://github.com/Leo88q/neon-relay (generated by scripts/build_neon_editor_art.py / build_neon_background.py / build_neon_countryflags.py),"original Neon Relay editor/theme/flag artwork, created for this project (BL-16)",ship
data/countryflags/PH.png,ceefeac68d8b13f6a20788c0dd8880397dc958289c3d2935f0f4f81b63a6bea5,image/png,The Neon Relay Authors,(c) 2026 The Neon Relay Authors,Zlib,https://github.com/Leo88q/neon-relay (generated by scripts/build_neon_editor_art.py / build_neon_background.py / build_neon_countryflags.py),"original Neon Relay editor/theme/flag artwork, created for this project (BL-16)",ship
data/countryflags/PK.png,3a636bdebbc52509e2a73cba6024c532d4f7c84fad943b090730d65bf7e24650,image/png,The Neon Relay Authors,(c) 2026 The Neon Relay Authors,Zlib,https://github.com/Leo88q/neon-relay (generated by scripts/build_neon_editor_art.py / build_neon_background.py / build_neon_countryflags.py),"original Neon Relay editor/theme/flag artwork, created for this project (BL-16)",ship
data/countryflags/PL.png,9c7e17b29677367bc4dcd256bc9c459f58f4fe4cf921b9c8113d8488f1c633dd,image/png,The Neon Relay Authors,(c) 2026 The Neon Relay Authors,Zlib,https://github.com/Leo88q/neon-relay (generated by scripts/build_neon_editor_art.py / build_neon_background.py / build_neon_countryflags.py),"original Neon Relay editor/theme/flag artwork, created for this project (BL-16)",ship
data/countryflags/PM.png,8f097b52134c43e5ed60bddded3dbbb017636f058e3a981c4f71205b2301825d,image/png,The Neon Relay Authors,(c) 2026 The Neon Relay Authors,Zlib,https://github.com/Leo88q/neon-relay (generated by scripts/build_neon_editor_art.py / build_neon_background.py / build_neon_countryflags.py),"original Neon Relay editor/theme/flag artwork, created for this project (BL-16)",ship
data/countryflags/PN.png,2b0c4b842851662a65c4ad387631ac8416ed89c4c07bb50315900f224147d7c1,image/png,The Neon Relay Authors,(c) 2026 The Neon Relay Authors,Zlib,https://github.com/Leo88q/neon-relay (generated by scripts/build_neon_editor_art.py / build_neon_background.py / build_neon_countryflags.py),"original Neon Relay editor/theme/flag artwork, created for this project (BL-16)",ship
data/countryflags/PR.png,a6aae860867a8414e7a00130abbea671fb750a6eb3d3d9584640c727640c93a0,image/png,The Neon Relay Authors,(c) 2026 The Neon Relay Authors,Zlib,https://github.com/Leo88q/neon-relay (generated by scripts/build_neon_editor_art.py / build_neon_background.py / build_neon_countryflags.py),"original Neon Relay editor/theme/flag artwork, created for this project (BL-16)",ship
data/countryflags/PS.png,c184d8fd70d451a8ca2365fea9d105e5bd740b4b489696c829761de2a1075a58,image/png,The Neon Relay Authors,(c) 2026 The Neon Relay Authors,Zlib,https://github.com/Leo88q/neon-relay (generated by scripts/build_neon_editor_art.py / build_neon_background.py / build_neon_countryflags.py),"original Neon Relay editor/theme/flag artwork, created for this project (BL-16)",ship
data/countryflags/PT.png,b8d87f07eb771b90ecc250c8d45bf0811d4ceb30b101dda48e64ab48f07941f2,image/png,The Neon Relay Authors,(c) 2026 The Neon Relay Authors,Zlib,https://github.com/Leo88q/neon-relay (generated by scripts/build_neon_editor_art.py / build_neon_background.py / build_neon_countryflags.py),"original Neon Relay editor/theme/flag artwork, created for this project (BL-16)",ship
data/countryflags/PW.png,de2dbe8563437c2cf720b26fe9a55ecb2cfc010cb2b0ebfe101cd9e9800c7388,image/png,The Neon Relay Authors,(c) 2026 The Neon Relay Authors,Zlib,https://github.com/Leo88q/neon-relay (generated by scripts/build_neon_editor_art.py / build_neon_background.py / build_neon_countryflags.py),"original Neon Relay editor/theme/flag artwork, created for this project (BL-16)",ship
data/countryflags/PY.png,e4df39528dc7ecf61d7a5c65e7098aa22aed488ed18fe76c16ad4a49ed6307cc,image/png,The Neon Relay Authors,(c) 2026 The Neon Relay Authors,Zlib,https://github.com/Leo88q/neon-relay (generated by scripts/build_neon_editor_art.py / build_neon_background.py / build_neon_countryflags.py),"original Neon Relay editor/theme/flag artwork, created for this project (BL-16)",ship
data/countryflags/QA.png,cd27414028e6d4dfbaa9b84d159eef10b72e7ef92e8d70fa948605de9638a77f,image/png,The Neon Relay Authors,(c) 2026 The Neon Relay Authors,Zlib,https://github.com/Leo88q/neon-relay (generated by scripts/build_neon_editor_art.py / build_neon_background.py / build_neon_countryflags.py),"original Neon Relay editor/theme/flag artwork, created for this project (BL-16)",ship
data/countryflags/RE.png,460ddcfbe35c4099909b89cb174b275212acefa017e50596cd9b59f563b6ff92,image/png,The Neon Relay Authors,(c) 2026 The Neon Relay Authors,Zlib,https://github.com/Leo88q/neon-relay (generated by scripts/build_neon_editor_art.py / build_neon_background.py / build_neon_countryflags.py),"original Neon Relay editor/theme/flag artwork, created for this project (BL-16)",ship
data/countryflags/RO.png,3ad7a7d41bf7a8e81248d8488fac2adf965adff73a27e80c47d53979370a78d2,image/png,The Neon Relay Authors,(c) 2026 The Neon Relay Authors,Zlib,https://github.com/Leo88q/neon-relay (generated by scripts/build_neon_editor_art.py / build_neon_background.py / build_neon_countryflags.py),"original Neon Relay editor/theme/flag artwork, created for this project (BL-16)",ship
data/countryflags/RS.png,47b7e4667a854152d45f34c7753bbf5e08db5cc24144b084f9d601568f8466db,image/png,The Neon Relay Authors,(c) 2026 The Neon Relay Authors,Zlib,https://github.com/Leo88q/neon-relay (generated by scripts/build_neon_editor_art.py / build_neon_background.py / build_neon_countryflags.py),"original Neon Relay editor/theme/flag artwork, created for this project (BL-16)",ship
data/countryflags/RU.png,dff6cdb43864bd62b254b861ea06351cc89275c4789b0af47aa2d0abd3d3c2b6,image/png,The Neon Relay Authors,(c) 2026 The Neon Relay Authors,Zlib,https://github.com/Leo88q/neon-relay (generated by scripts/build_neon_editor_art.py / build_neon_background.py / build_neon_countryflags.py),"original Neon Relay editor/theme/flag artwork, created for this project (BL-16)",ship
data/countryflags/RW.png,611b06930750916e7ecc43494528a2a850f3aca162debf5d54c7b479892e12b9,image/png,The Neon Relay Authors,(c) 2026 The Neon Relay Authors,Zlib,https://github.com/Leo88q/neon-relay (generated by scripts/build_neon_editor_art.py / build_neon_background.py / build_neon_countryflags.py),"original Neon Relay editor/theme/flag artwork, created for this project (BL-16)",ship
data/countryflags/SA.png,6ab8b8af56dea3dba904fcc9312637533250e8af47d1da716a43b32bc9aa8c65,image/png,The Neon Relay Authors,(c) 2026 The Neon Relay Authors,Zlib,https://github.com/Leo88q/neon-relay (generated by scripts/build_neon_editor_art.py / build_neon_background.py / build_neon_countryflags.py),"original Neon Relay editor/theme/flag artwork, created for this project (BL-16)",ship
data/countryflags/SB.png,b769ff811255b45f3838ec451bdb001531aed709f1db6cd6023bd64d704813ae,image/png,The Neon Relay Authors,(c) 2026 The Neon Relay Authors,Zlib,https://github.com/Leo88q/neon-relay (generated by scripts/build_neon_editor_art.py / build_neon_background.py / build_neon_countryflags.py),"original Neon Relay editor/theme/flag artwork, created for this project (BL-16)",ship
data/countryflags/SC.png,ca02dbe76635fa0bba1291a9b4dd566a3e5fa20f7f337d2564afa2c1d3825b77,image/png,The Neon Relay Authors,(c) 2026 The Neon Relay Authors,Zlib,https://github.com/Leo88q/neon-relay (generated by scripts/build_neon_editor_art.py / build_neon_background.py / build_neon_countryflags.py),"original Neon Relay editor/theme/flag artwork, created for this project (BL-16)",ship
data/countryflags/SD.png,43a4e8b30cba5f688a436f266ba23d3743414535ed4132d212277fc254f07b41,image/png,The Neon Relay Authors,(c) 2026 The Neon Relay Authors,Zlib,https://github.com/Leo88q/neon-relay (generated by scripts/build_neon_editor_art.py / build_neon_background.py / build_neon_countryflags.py),"original Neon Relay editor/theme/flag artwork, created for this project (BL-16)",ship
data/countryflags/SE.png,d8cca3d2b4e4b2e847b9b27878d0c633f937e83109c067e865d72da028863e41,image/png,The Neon Relay Authors,(c) 2026 The Neon Relay Authors,Zlib,https://github.com/Leo88q/neon-relay (generated by scripts/build_neon_editor_art.py / build_neon_background.py / build_neon_countryflags.py),"original Neon Relay editor/theme/flag artwork, created for this project (BL-16)",ship
data/countryflags/SG.png,b9edf546066677ffea98abfbe425903e8839131aa2e2646def92fedfb998338a,image/png,The Neon Relay Authors,(c) 2026 The Neon Relay Authors,Zlib,https://github.com/Leo88q/neon-relay (generated by scripts/build_neon_editor_art.py / build_neon_background.py / build_neon_countryflags.py),"original Neon Relay editor/theme/flag artwork, created for this project (BL-16)",ship
data/countryflags/SH.png,3b6bc41bb3946c04c918ee2e787e6a2c6e889404b89d2e27dc748856d9a7d4a8,image/png,The Neon Relay Authors,(c) 2026 The Neon Relay Authors,Zlib,https://github.com/Leo88q/neon-relay (generated by scripts/build_neon_editor_art.py / build_neon_background.py / build_neon_countryflags.py),"original Neon Relay editor/theme/flag artwork, created for this project (BL-16)",ship
data/countryflags/SI.png,01011346af5c74522c4c100d7f5bce86c3a7add680f63d90517c5fff2950f944,image/png,The Neon Relay Authors,(c) 2026 The Neon Relay Authors,Zlib,https://github.com/Leo88q/neon-relay (generated by scripts/build_neon_editor_art.py / build_neon_background.py / build_neon_countryflags.py),"original Neon Relay editor/theme/flag artwork, created for this project (BL-16)",ship
data/countryflags/SK.png,d62fc1869ba62e92cee097ed7bacc1d78e134811f104ef80bc857589fc24446d,image/png,The Neon Relay Authors,(c) 2026 The Neon Relay Authors,Zlib,https://github.com/Leo88q/neon-relay (generated by scripts/build_neon_editor_art.py / build_neon_background.py / build_neon_countryflags.py),"original Neon Relay editor/theme/flag artwork, created for this project (BL-16)",ship
data/countryflags/SL.png,207c7fa92a78bb8f7895476e7b2de32f16df8de8f9c3b428f44e40f634e745ee,image/png,The Neon Relay Authors,(c) 2026 The Neon Relay Authors,Zlib,https://github.com/Leo88q/neon-relay (generated by scripts/build_neon_editor_art.py / build_neon_background.py / build_neon_countryflags.py),"original Neon Relay editor/theme/flag artwork, created for this project (BL-16)",ship
data/countryflags/SM.png,e09e164e77edbde2cb92e17f588317add6d8e63ec5c19150f7be819d7c8877f6,image/png,The Neon Relay Authors,(c) 2026 The Neon Relay Authors,Zlib,https://github.com/Leo88q/neon-relay (generated by scripts/build_neon_editor_art.py / build_neon_background.py / build_neon_countryflags.py),"original Neon Relay editor/theme/flag artwork, created for this project (BL-16)",ship
data/countryflags/SN.png,4084a1f4a3f51b8d46629d7b3f6813a671cee51125b26d3dc1a7bf8b892a8eae,image/png,The Neon Relay Authors,(c) 2026 The Neon Relay Authors,Zlib,https://github.com/Leo88q/neon-relay (generated by scripts/build_neon_editor_art.py / build_neon_background.py / build_neon_countryflags.py),"original Neon Relay editor/theme/flag artwork, created for this project (BL-16)",ship
data/countryflags/SO.png,b6e8911677923cd2411f4c9ff07f436e51328ac1de084eef6834f1d18e273473,image/png,The Neon Relay Authors,(c) 2026 The Neon Relay Authors,Zlib,https://github.com/Leo88q/neon-relay (generated by scripts/build_neon_editor_art.py / build_neon_background.py / build_neon_countryflags.py),"original Neon Relay editor/theme/flag artwork, created for this project (BL-16)",ship
data/countryflags/SR.png,027593c58884543b29209672525d74ae47744811171f8733e3a648093508855e,image/png,The Neon Relay Authors,(c) 2026 The Neon Relay Authors,Zlib,https://github.com/Leo88q/neon-relay (generated by scripts/build_neon_editor_art.py / build_neon_background.py / build_neon_countryflags.py),"original Neon Relay editor/theme/flag artwork, created for this project (BL-16)",ship
data/countryflags/SS.png,b92ad0c6f84b635c161ba2d0a9792872a232c1739fae6c50a7b5dddc8ce1d3ed,image/png,The Neon Relay Authors,(c) 2026 The Neon Relay Authors,Zlib,https://github.com/Leo88q/neon-relay (generated by scripts/build_neon_editor_art.py / build_neon_background.py / build_neon_countryflags.py),"original Neon Relay editor/theme/flag artwork, created for this project (BL-16)",ship
data/countryflags/ST.png,1dc8c81e498b58f00d0aa08eb88b8c5fedaf3cabce643ddccabbf3bbf0e3798e,image/png,The Neon Relay Authors,(c) 2026 The Neon Relay Authors,Zlib,https://github.com/Leo88q/neon-relay (generated by scripts/build_neon_editor_art.py / build_neon_background.py / build_neon_countryflags.py),"original Neon Relay editor/theme/flag artwork, created for this project (BL-16)",ship
data/countryflags/SV.png,7223de3e2358b1722b71d90741bdb4e313d9be1c6aae76f4cef9bd525419d507,image/png,The Neon Relay Authors,(c) 2026 The Neon Relay Authors,Zlib,https://github.com/Leo88q/neon-relay (generated by scripts/build_neon_editor_art.py / build_neon_background.py / build_neon_countryflags.py),"original Neon Relay editor/theme/flag artwork, created for this project (BL-16)",ship
data/countryflags/SX.png,b28fd484022137a3a6daafb9d40af0b49c360c66d846874529a5ad178b262203,image/png,The Neon Relay Authors,(c) 2026 The Neon Relay Authors,Zlib,https://github.com/Leo88q/neon-relay (generated by scripts/build_neon_editor_art.py / build_neon_background.py / build_neon_countryflags.py),"original Neon Relay editor/theme/flag artwork, created for this project (BL-16)",ship
data/countryflags/SY.png,60d56ced2a5509540b8e7a22774f025e3801f7f47bc4b949e32ca86db55037e4,image/png,The Neon Relay Authors,(c) 2026 The Neon Relay Authors,Zlib,https://github.com/Leo88q/neon-relay (generated by scripts/build_neon_editor_art.py / build_neon_background.py / build_neon_countryflags.py),"original Neon Relay editor/theme/flag artwork, created for this project (BL-16)",ship
data/countryflags/SZ.png,da0ae51e63e21917375630c09e4e498479f1578086abb31a90835384b0c6087f,image/png,The Neon Relay Authors,(c) 2026 The Neon Relay Authors,Zlib,https://github.com/Leo88q/neon-relay (generated by scripts/build_neon_editor_art.py / build_neon_background.py / build_neon_countryflags.py),"original Neon Relay editor/theme/flag artwork, created for this project (BL-16)",ship
data/countryflags/TC.png,1b20c15bceeb45378ddf66a8fe1774cebbaf1b9e2ec6bdd9ba3fef24fddbd4a2,image/png,The Neon Relay Authors,(c) 2026 The Neon Relay Authors,Zlib,https://github.com/Leo88q/neon-relay (generated by scripts/build_neon_editor_art.py / build_neon_background.py / build_neon_countryflags.py),"original Neon Relay editor/theme/flag artwork, created for this project (BL-16)",ship
data/countryflags/TD.png,0e2c003c3f54e38cb0cb71bed2b17fc2eb5f72c2d64ed14e5e300023f22dd87f,image/png,The Neon Relay Authors,(c) 2026 The Neon Relay Authors,Zlib,https://github.com/Leo88q/neon-relay (generated by scripts/build_neon_editor_art.py / build_neon_background.py / build_neon_countryflags.py),"original Neon Relay editor/theme/flag artwork, created for this project (BL-16)",ship
data/countryflags/TF.png,e43822bc56cd5293e129c515e4d1639e149acb9fffa4d000481c5be58518db89,image/png,The Neon Relay Authors,(c) 2026 The Neon Relay Authors,Zlib,https://github.com/Leo88q/neon-relay (generated by scripts/build_neon_editor_art.py / build_neon_background.py / build_neon_countryflags.py),"original Neon Relay editor/theme/flag artwork, created for this project (BL-16)",ship
data/countryflags/TG.png,8affec6c226ce9edc1acf41de10fa2536d327fdd42a5435518b2b600cf2e25d2,image/png,The Neon Relay Authors,(c) 2026 The Neon Relay Authors,Zlib,https://github.com/Leo88q/neon-relay (generated by scripts/build_neon_editor_art.py / build_neon_background.py / build_neon_countryflags.py),"original Neon Relay editor/theme/flag artwork, created for this project (BL-16)",ship
data/countryflags/TH.png,e910cc4f9757b8d11a7f985348d972fccc2726c90d6d7a1e6787e93ddc29d36b,image/png,The Neon Relay Authors,(c) 2026 The Neon Relay Authors,Zlib,https://github.com/Leo88q/neon-relay (generated by scripts/build_neon_editor_art.py / build_neon_background.py / build_neon_countryflags.py),"original Neon Relay editor/theme/flag artwork, created for this project (BL-16)",ship
data/countryflags/TJ.png,4a243db12cd0d04aa4628d0d393252e7e1ea039037f9dcea296b2c088e3335a1,image/png,The Neon Relay Authors,(c) 2026 The Neon Relay Authors,Zlib,https://github.com/Leo88q/neon-relay (generated by scripts/build_neon_editor_art.py / build_neon_background.py / build_neon_countryflags.py),"original Neon Relay editor/theme/flag artwork, created for this project (BL-16)",ship
data/countryflags/TK.png,d3fa065a285d1a0fd0b6ece1dc65d4639d9a545ba1760e53c918efcc91add8c5,image/png,The Neon Relay Authors,(c) 2026 The Neon Relay Authors,Zlib,https://github.com/Leo88q/neon-relay (generated by scripts/build_neon_editor_art.py / build_neon_background.py / build_neon_countryflags.py),"original Neon Relay editor/theme/flag artwork, created for this project (BL-16)",ship
data/countryflags/TL.png,1bf78d33a3ec0d7ad12d7a70a2587096dc5c1ac732e67036519e879944192425,image/png,The Neon Relay Authors,(c) 2026 The Neon Relay Authors,Zlib,https://github.com/Leo88q/neon-relay (generated by scripts/build_neon_editor_art.py / build_neon_background.py / build_neon_countryflags.py),"original Neon Relay editor/theme/flag artwork, created for this project (BL-16)",ship
data/countryflags/TM.png,5f6ce79f3e1389480c47d781018da0f77076a162f6672ac38899c13c8b97b4f8,image/png,The Neon Relay Authors,(c) 2026 The Neon Relay Authors,Zlib,https://github.com/Leo88q/neon-relay (generated by scripts/build_neon_editor_art.py / build_neon_background.py / build_neon_countryflags.py),"original Neon Relay editor/theme/flag artwork, created for this project (BL-16)",ship
data/countryflags/TN.png,81b0c0ae98104586ed404f183c843d1ac7ac3487950215af1e2c2ba5dde5001e,image/png,The Neon Relay Authors,(c) 2026 The Neon Relay Authors,Zlib,https://github.com/Leo88q/neon-relay (generated by scripts/build_neon_editor_art.py / build_neon_background.py / build_neon_countryflags.py),"original Neon Relay editor/theme/flag artwork, created for this project (BL-16)",ship
data/countryflags/TO.png,75f73e8f457542210b9c61ce523a5e131990cd528181b87db1c4c1fb65a334d1,image/png,The Neon Relay Authors,(c) 2026 The Neon Relay Authors,Zlib,https://github.com/Leo88q/neon-relay (generated by scripts/build_neon_editor_art.py / build_neon_background.py / build_neon_countryflags.py),"original Neon Relay editor/theme/flag artwork, created for this project (BL-16)",ship
data/countryflags/TR.png,a18b4e6459f957783540d700bda37f1274e3fe139a0bb75c834a2f81b1ce18c4,image/png,The Neon Relay Authors,(c) 2026 The Neon Relay Authors,Zlib,https://github.com/Leo88q/neon-relay (generated by scripts/build_neon_editor_art.py / build_neon_background.py / build_neon_countryflags.py),"original Neon Relay editor/theme/flag artwork, created for this project (BL-16)",ship
data/countryflags/TT.png,a90d8cab3de58d9f26ed4c5d4b0f1856c1f557979391b8e2427b378ebfd69177,image/png,The Neon Relay Authors,(c) 2026 The Neon Relay Authors,Zlib,https://github.com/Leo88q/neon-relay (generated by scripts/build_neon_editor_art.py / build_neon_background.py / build_neon_countryflags.py),"original Neon Relay editor/theme/flag artwork, created for this project (BL-16)",ship
data/countryflags/TV.png,c8873f468e4a35c89654a307181c0b1f56a25ebb049115144e7c917b5855f4d9,image/png,The Neon Relay Authors,(c) 2026 The Neon Relay Authors,Zlib,https://github.com/Leo88q/neon-relay (generated by scripts/build_neon_editor_art.py / build_neon_background.py / build_neon_countryflags.py),"original Neon Relay editor/theme/flag artwork, created for this project (BL-16)",ship
data/countryflags/TW.png,833b5aed11fb667438090af8e9229d6cbfc61795033ac129b02e6bcc2ffdc3ad,image/png,The Neon Relay Authors,(c) 2026 The Neon Relay Authors,Zlib,https://github.com/Leo88q/neon-relay (generated by scripts/build_neon_editor_art.py / build_neon_background.py / build_neon_countryflags.py),"original Neon Relay editor/theme/flag artwork, created for this project (BL-16)",ship
data/countryflags/TZ.png,24e0453917594183566c044e11dfb3256822eebe1106ef350c8df0efd87d2fa0,image/png,The Neon Relay Authors,(c) 2026 The Neon Relay Authors,Zlib,https://github.com/Leo88q/neon-relay (generated by scripts/build_neon_editor_art.py / build_neon_background.py / build_neon_countryflags.py),"original Neon Relay editor/theme/flag artwork, created for this project (BL-16)",ship
data/countryflags/UA.png,3a736bdc98fbfb1b86949c877d579391919e67a42af4927b862c7718198bbe21,image/png,The Neon Relay Authors,(c) 2026 The Neon Relay Authors,Zlib,https://github.com/Leo88q/neon-relay (generated by scripts/build_neon_editor_art.py / build_neon_background.py / build_neon_countryflags.py),"original Neon Relay editor/theme/flag artwork, created for this project (BL-16)",ship
data/countryflags/UG.png,47565ef7cf773c73c982226ca2b1b947d1e753aad20d8887d2f39a66ccc3e3e8,image/png,The Neon Relay Authors,(c) 2026 The Neon Relay Authors,Zlib,https://github.com/Leo88q/neon-relay (generated by scripts/build_neon_editor_art.py / build_neon_background.py / build_neon_countryflags.py),"original Neon Relay editor/theme/flag artwork, created for this project (BL-16)",ship
data/countryflags/US.png,c8938442cf645b904250364a1956abc59a05ad2aba4ded80f20726eac19edb46,image/png,The Neon Relay Authors,(c) 2026 The Neon Relay Authors,Zlib,https://github.com/Leo88q/neon-relay (generated by scripts/build_neon_editor_art.py / build_neon_background.py / build_neon_countryflags.py),"original Neon Relay editor/theme/flag artwork, created for this project (BL-16)",ship
data/countryflags/UY.png,34293051d67a37b2c311d7ecd7690e1de7d64d02a261c8fbbad17c94221a1f2d,image/png,The Neon Relay Authors,(c) 2026 The Neon Relay Authors,Zlib,https://github.com/Leo88q/neon-relay (generated by scripts/build_neon_editor_art.py / build_neon_background.py / build_neon_countryflags.py),"original Neon Relay editor/theme/flag artwork, created for this project (BL-16)",ship
data/countryflags/UZ.png,041b9bd2f67f8e4900744644aa28b3c787d5c30c69872cea7fa7f8308cdba0bb,image/png,The Neon Relay Authors,(c) 2026 The Neon Relay Authors,Zlib,https://github.com/Leo88q/neon-relay (generated by scripts/build_neon_editor_art.py / build_neon_background.py / build_neon_countryflags.py),"original Neon Relay editor/theme/flag artwork, created for this project (BL-16)",ship
data/countryflags/VA.png,b6e828e860a4335d81f25bd7ebfdcb87b453250bc943636f2801eebfcf7617a6,image/png,The Neon Relay Authors,(c) 2026 The Neon Relay Authors,Zlib,https://github.com/Leo88q/neon-relay (generated by scripts/build_neon_editor_art.py / build_neon_background.py / build_neon_countryflags.py),"original Neon Relay editor/theme/flag artwork, created for this project (BL-16)",ship
data/countryflags/VC.png,d2d6fd782755918d303e052ed835ad0674bf7ab65c76d7ad15924787c3d99d12,image/png,The Neon Relay Authors,(c) 2026 The Neon Relay Authors,Zlib,https://github.com/Leo88q/neon-relay (generated by scripts/build_neon_editor_art.py / build_neon_background.py / build_neon_countryflags.py),"original Neon Relay editor/theme/flag artwork, created for this project (BL-16)",ship
data/countryflags/VE.png,5c6f1d0f6fc8343f2b8ffe07d01a69ccf1bde0d21dafb6a2d5355971e150cd67,image/png,The Neon Relay Authors,(c) 2026 The Neon Relay Authors,Zlib,https://github.com/Leo88q/neon-relay (generated by scripts/build_neon_editor_art.py / build_neon_background.py / build_neon_countryflags.py),"original Neon Relay editor/theme/flag artwork, created for this project (BL-16)",ship
data/countryflags/VG.png,f7578d0887b04fe9c806247072c847bc84432272397fb276dc8e1d2f4c929f8a,image/png,The Neon Relay Authors,(c) 2026 The Neon Relay Authors,Zlib,https://github.com/Leo88q/neon-relay (generated by scripts/build_neon_editor_art.py / build_neon_background.py / build_neon_countryflags.py),"original Neon Relay editor/theme/flag artwork, created for this project (BL-16)",ship
data/countryflags/VI.png,c45a105a8f8c161725370f9c818dcfa40fc4c55a88ab09d6d12c23039f2d4b28,image/png,The Neon Relay Authors,(c) 2026 The Neon Relay Authors,Zlib,https://github.com/Leo88q/neon-relay (generated by scripts/build_neon_editor_art.py / build_neon_background.py / build_neon_countryflags.py),"original Neon Relay editor/theme/flag artwork, created for this project (BL-16)",ship
data/countryflags/VN.png,53b8491365024ba6fcd44f9ee9eecc29066d7a927c00ddf9e31e67eaf794121f,image/png,The Neon Relay Authors,(c) 2026 The Neon Relay Authors,Zlib,https://github.com/Leo88q/neon-relay (generated by scripts/build_neon_editor_art.py / build_neon_background.py / build_neon_countryflags.py),"original Neon Relay editor/theme/flag artwork, created for this project (BL-16)",ship
data/countryflags/VU.png,c9517e5de140c8f79bc0718642eb6d76d645c05ad7151621cf29deecda6213ff,image/png,The Neon Relay Authors,(c) 2026 The Neon Relay Authors,Zlib,https://github.com/Leo88q/neon-relay (generated by scripts/build_neon_editor_art.py / build_neon_background.py / build_neon_countryflags.py),"original Neon Relay editor/theme/flag artwork, created for this project (BL-16)",ship
data/countryflags/WF.png,460ddcfbe35c4099909b89cb174b275212acefa017e50596cd9b59f563b6ff92,image/png,The Neon Relay Authors,(c) 2026 The Neon Relay Authors,Zlib,https://github.com/Leo88q/neon-relay (generated by scripts/build_neon_editor_art.py / build_neon_background.py / build_neon_countryflags.py),"original Neon Relay editor/theme/flag artwork, created for this project (BL-16)",ship
data/countryflags/WS.png,064139809107c0d0a4c5cdc0b2d1e0cd9f91313efbd2c639334d9cb0ef2b2060,image/png,The Neon Relay Authors,(c) 2026 The Neon Relay Authors,Zlib,https://github.com/Leo88q/neon-relay (generated by scripts/build_neon_editor_art.py / build_neon_background.py / build_neon_countryflags.py),"original Neon Relay editor/theme/flag artwork, created for this project (BL-16)",ship
data/countryflags/YE.png,10cc28375069259ab760d4e6c7ad75f8912a7a4357fd388c59ee9eec867bb1bb,image/png,The Neon Relay Authors,(c) 2026 The Neon Relay Authors,Zlib,https://github.com/Leo88q/neon-relay (generated by scripts/build_neon_editor_art.py / build_neon_background.py / build_neon_countryflags.py),"original Neon Relay editor/theme/flag artwork, created for this project (BL-16)",ship
data/countryflags/ZA.png,5f7f69d9465787e11d1fdeb5efee0415b7102d33dd2b516591317e44df944c5f,image/png,The Neon Relay Authors,(c) 2026 The Neon Relay Authors,Zlib,https://github.com/Leo88q/neon-relay (generated by scripts/build_neon_editor_art.py / build_neon_background.py / build_neon_countryflags.py),"original Neon Relay editor/theme/flag artwork, created for this project (BL-16)",ship
data/countryflags/ZM.png,d57e91f3a6cea7dc752ce8f55ec282e80f7ef02f6578a7491b7e4ad21f72f99e,image/png,The Neon Relay Authors,(c) 2026 The Neon Relay Authors,Zlib,https://github.com/Leo88q/neon-relay (generated by scripts/build_neon_editor_art.py / build_neon_background.py / build_neon_countryflags.py),"original Neon Relay editor/theme/flag artwork, created for this project (BL-16)",ship
data/countryflags/ZW.png,5f9a941c004070c0260da27fe0fe8a6daf0b80c2da6156de1e91dc715916c96a,image/png,The Neon Relay Authors,(c) 2026 The Neon Relay Authors,Zlib,https://github.com/Leo88q/neon-relay (generated by scripts/build_neon_editor_art.py / build_neon_background.py / build_neon_countryflags.py),"original Neon Relay editor/theme/flag artwork, created for this project (BL-16)",ship
data/countryflags/default.png,4d8cf8181f59ab5dafa84475ff3137095151417646a7ef82a90f1c906d4dc76d,image/png,The Neon Relay Authors,(c) 2026 The Neon Relay Authors,Zlib,https://github.com/Leo88q/neon-relay (generated by scripts/build_neon_editor_art.py / build_neon_background.py / build_neon_countryflags.py),"original Neon Relay editor/theme/flag artwork, created for this project (BL-16)",ship
data/countryflags/index.txt,1951f817820ce9e30ad7b65a5b65518b315819f9be36b6bd43fe6efc457f5462,text/plain,The Neon Relay Authors,(c) 2026 The Neon Relay Authors,Zlib,https://github.com/Leo88q/neon-relay (generated by scripts/build_neon_editor_art.py / build_neon_background.py / build_neon_countryflags.py),"original Neon Relay editor/theme/flag artwork, created for this project (BL-16)",ship
data/deadtee.png,c2faba226d0465f68273194956ca09487d6001a6c87642cbc2f089816a14f8d0,image/png,The Neon Relay Authors,(c) 2026 The Neon Relay Authors,Zlib,https://github.com/Leo88q/neon-relay (generated by scripts/build_neon_misc_sheets.py),"original Neon Relay misc sheet, created for this project (BL-15)",ship
data/debug_font.png,12612f2eddde68cdfd0368193c5ba5addf4d434e14a9d62fde311025f5b25d73,image/png,DDNet contributors (no individual author named upstream),Copyright DDNet contributors (no individual author named upstream),CC-BY-SA-3.0,https://github.com/ddnet/ddnet/blob/a853d333ac9e61ebfa2899b4641f8b0658ba60d5/data/debug_font.png,upstream ships no author list for this directory (see docs/UPSTREAM_AUDIT.md §3),block-release
data/editor/audio_source.png,89e0aa5f32bedcfb8e1a245b3c9b5db17663a7e4483040c68bb71c3f0a0ee5d4,image/png,The Neon Relay Authors,(c) 2026 The Neon Relay Authors,Zlib,https://github.com/Leo88q/neon-relay (generated by scripts/build_neon_editor_art.py / build_neon_background.py / build_neon_countryflags.py),"original Neon Relay editor/theme/flag artwork, created for this project (BL-16)",ship
data/editor/automap/basic_freeze.rules,a060089b7aa3839374f5f7640083dde3574fbbfe89631a06237c900f4d9b0fcb,text/plain,The Neon Relay Authors,(c) 2026 The Neon Relay Authors,Zlib,https://github.com/Leo88q/neon-relay (generated by scripts/build_neon_editor_art.py / build_neon_background.py / build_neon_countryflags.py),"original Neon Relay editor/theme/flag artwork, created for this project (BL-16)",ship
data/editor/automap/ddmax_freeze.rules,813e247592dbd66e5fa27d3f3203b58f9863a71755901e52008614fe1b5a8310,text/plain,The Neon Relay Authors,(c) 2026 The Neon Relay Authors,Zlib,https://github.com/Leo88q/neon-relay (generated by scripts/build_neon_editor_art.py / build_neon_background.py / build_neon_countryflags.py),"original Neon Relay editor/theme/flag artwork, created for this project (BL-16)",ship
data/editor/automap/ddnet_grass.rules,ea6894d37a3592fe2bbc23005a1f345074e7f38bb9ceea22dabb3dc037b4f28e,text/plain,The Neon Relay Authors,(c) 2026 The Neon Relay Authors,Zlib,https://github.com/Leo88q/neon-relay (generated by scripts/build_neon_editor_art.py / build_neon_background.py / build_neon_countryflags.py),"original Neon Relay editor/theme/flag artwork, created for this project (BL-16)",ship
data/editor/automap/ddnet_tiles.rules,05ac222f59d899908f733b7e3f7afbb61cae50a8d460c1293abc272c3eb74b83,text/plain,The Neon Relay Authors,(c) 2026 The Neon Relay Authors,Zlib,https://github.com/Leo88q/neon-relay (generated by scripts/build_neon_editor_art.py / build_neon_background.py / build_neon_countryflags.py),"original Neon Relay editor/theme/flag artwork, created for this project (BL-16)",ship
data/editor/automap/ddnet_walls.rules,68e17c1649660d7b87f65ef72623e1cc4f193436ea652f70cc84ef83bce1bf4e,text/plain,The Neon Relay Authors,(c) 2026 The Neon Relay Authors,Zlib,https://github.com/Leo88q/neon-relay (generated by scripts/build_neon_editor_art.py / build_neon_background.py / build_neon_countryflags.py),"original Neon Relay editor/theme/flag artwork, created for this project (BL-16)",ship
data/editor/automap/desert_main.rules,1329c3cddff0ac4ee6fb41c072aa559fb05b434ba27d1d5ede3d5c8a2da18abb,text/plain,The Neon Relay Authors,(c) 2026 The Neon Relay Authors,Zlib,https://github.com/Leo88q/neon-relay (generated by scripts/build_neon_editor_art.py / build_neon_background.py / build_neon_countryflags.py),"original Neon Relay editor/theme/flag artwork, created for this project (BL-16)",ship
data/editor/automap/fadeout.rules,a181a85b5fb2000d41bbfb950c354aa6a3fe07916ab748dc241f59ad83fefa87,text/plain,The Neon Relay Authors,(c) 2026 The Neon Relay Authors,Zlib,https://github.com/Leo88q/neon-relay (generated by scripts/build_neon_editor_art.py / build_neon_background.py / build_neon_countryflags.py),"original Neon Relay editor/theme/flag artwork, created for this project (BL-16)",ship
data/editor/automap/generic_clear.rules,51a252d2e661f63eca95e37da5bd4626c28d10e338e81d1c919658ee55624dc6,text/plain,The Neon Relay Authors,(c) 2026 The Neon Relay Authors,Zlib,https://github.com/Leo88q/neon-relay (generated by scripts/build_neon_editor_art.py / build_neon_background.py / build_neon_countryflags.py),"original Neon Relay editor/theme/flag artwork, created for this project (BL-16)",ship
data/editor/automap/generic_unhookable.rules,15aca260f400dd3cd0b39657e9e6242f753ddabcb3d68f116e8db3c315ec6022,text/plain,The Neon Relay Authors,(c) 2026 The Neon Relay Authors,Zlib,https://github.com/Leo88q/neon-relay (generated by scripts/build_neon_editor_art.py / build_neon_background.py / build_neon_countryflags.py),"original Neon Relay editor/theme/flag artwork, created for this project (BL-16)",ship
data/editor/automap/generic_unhookable_0.7.rules,b11a4c6c71f3b3966d9164783d6b661be1d6cd35bf8a644285918fae56348496,text/plain,The Neon Relay Authors,(c) 2026 The Neon Relay Authors,Zlib,https://github.com/Leo88q/neon-relay (generated by scripts/build_neon_editor_art.py / build_neon_background.py / build_neon_countryflags.py),"original Neon Relay editor/theme/flag artwork, created for this project (BL-16)",ship
data/editor/automap/grass_main.rules,193515730358969f34900b95374acaefaacd64720337425080fdcd7b2571238b,text/plain,The Neon Relay Authors,(c) 2026 The Neon Relay Authors,Zlib,https://github.com/Leo88q/neon-relay (generated by scripts/build_neon_editor_art.py / build_neon_background.py / build_neon_countryflags.py),"original Neon Relay editor/theme/flag artwork, created for this project (BL-16)",ship
data/editor/automap/jungle_main.rules,86efea56ccad379b6bd5f41cfc7d2be257bac0cffc607636480a72924522635e,text/plain,The Neon Relay Authors,(c) 2026 The Neon Relay Authors,Zlib,https://github.com/Leo88q/neon-relay (generated by scripts/build_neon_editor_art.py / build_neon_background.py / build_neon_countryflags.py),"original Neon Relay editor/theme/flag artwork, created for this project (BL-16)",ship
data/editor/automap/jungle_midground.rules,bb382bbfeb59846f56cc3e98ebc49f46eca96de5f7a7a20187aff620ea36c1c7,text/plain,The Neon Relay Authors,(c) 2026 The Neon Relay Authors,Zlib,https://github.com/Leo88q/neon-relay (generated by scripts/build_neon_editor_art.py / build_neon_background.py / build_neon_countryflags.py),"original Neon Relay editor/theme/flag artwork, created for this project (BL-16)",ship
data/editor/automap/round_tiles.rules,e55a4017dc52697a14db1ec5ea86df4992ff75cbbb656c2993a782458d9c5b9e,text/plain,The Neon Relay Authors,(c) 2026 The Neon Relay Authors,Zlib,https://github.com/Leo88q/neon-relay (generated by scripts/build_neon_editor_art.py / build_neon_background.py / build_neon_countryflags.py),"original Neon Relay editor/theme/flag artwork, created for this project (BL-16)",ship
data/editor/automap/water.rules,6d77d48ccfe6aaf8225a8f9d3eae816d66777b41b68285ae3372dd9f2777b0b6,text/plain,The Neon Relay Authors,(c) 2026 The Neon Relay Authors,Zlib,https://github.com/Leo88q/neon-relay (generated by scripts/build_neon_editor_art.py / build_neon_background.py / build_neon_countryflags.py),"original Neon Relay editor/theme/flag artwork, created for this project (BL-16)",ship
data/editor/automap/winter_main.rules,c159a0939842e156cf57af22f121791238cbed74da60387e0aed41a399cb0151,text/plain,The Neon Relay Authors,(c) 2026 The Neon Relay Authors,Zlib,https://github.com/Leo88q/neon-relay (generated by scripts/build_neon_editor_art.py / build_neon_background.py / build_neon_countryflags.py),"original Neon Relay editor/theme/flag artwork, created for this project (BL-16)",ship
data/editor/checker.png,313278d6d89f8cd56c1c76dfcf2e6a02deeaeeeb6c50915711a8f0459617b4ef,image/png,The Neon Relay Authors,(c) 2026 The Neon Relay Authors,Zlib,https://github.com/Leo88q/neon-relay (generated by scripts/build_neon_editor_art.py / build_neon_background.py / build_neon_countryflags.py),"original Neon Relay editor/theme/flag artwork, created for this project (BL-16)",ship
data/editor/cursor.png,839a46be6f3865a1c7c9b05532ff2dd96208e5abf9e31924d35b5ba6273d8857,image/png,The Neon Relay Authors,(c) 2026 The Neon Relay Authors,Zlib,https://github.com/Leo88q/neon-relay (generated by scripts/build_neon_editor_art.py / build_neon_background.py / build_neon_countryflags.py),"original Neon Relay editor/theme/flag artwork, created for this project (BL-16)",ship
data/editor/cursor_resize.png,49b50e4606fff459453c77d724ddadb633386542530bbde709b1ed2bbbaa26ff,image/png,The Neon Relay Authors,(c) 2026 The Neon Relay Authors,Zlib,https://github.com/Leo88q/neon-relay (generated by scripts/build_neon_editor_art.py / build_neon_background.py / build_neon_countryflags.py),"original Neon Relay editor/theme/flag artwork, created for this project (BL-16)",ship
data/editor/cursor_text.png,ab539e31001dfd3fc941975fa9a15b461bcbb29e49d5dcbd0ea17ecf98e7a7f6,image/png,The Neon Relay Authors,(c) 2026 The Neon Relay Authors,Zlib,https://github.com/Leo88q/neon-relay (generated by scripts/build_neon_editor_art.py / build_neon_background.py / build_neon_countryflags.py),"original Neon Relay editor/theme/flag artwork, created for this project (BL-16)",ship
data/editor/entities/DDNet.png,a22657cf1cbc2f5f57630c7a862493a25c38c942cfaa4d1439a0c81d1c400bec,image/png,The Neon Relay Authors,(c) 2026 The Neon Relay Authors,Zlib,https://github.com/Leo88q/neon-relay (generated by scripts/build_neon_editor_art.py / build_neon_background.py / build_neon_countryflags.py),"original Neon Relay editor/theme/flag artwork, created for this project (BL-16)",ship
data/editor/entities/F-DDrace.png,fc19e99d6e541dd9b903a395d94c4b90f1b74b0ad5f287fa4615f8c60ba8b140,image/png,The Neon Relay Authors,(c) 2026 The Neon Relay Authors,Zlib,https://github.com/Leo88q/neon-relay (generated by scripts/build_neon_editor_art.py / build_neon_background.py / build_neon_countryflags.py),"original Neon Relay editor/theme/flag artwork, created for this project (BL-16)",ship
data/editor/entities/FNG.png,cfb429b4ae5cb6767a95312126b1d1abe5e9b11e1944ef1de884bd3c623065ff,image/png,The Neon Relay Authors,(c) 2026 The Neon Relay Authors,Zlib,https://github.com/Leo88q/neon-relay (generated by scripts/build_neon_editor_art.py / build_neon_background.py / build_neon_countryflags.py),"original Neon Relay editor/theme/flag artwork, created for this project (BL-16)",ship
data/editor/entities/Race.png,2e47a78d99c645fdb932f296dfb0f6026ab83cdce60fa8bc90a688639b77ea99,image/png,The Neon Relay Authors,(c) 2026 The Neon Relay Authors,Zlib,https://github.com/Leo88q/neon-relay (generated by scripts/build_neon_editor_art.py / build_neon_background.py / build_neon_countryflags.py),"original Neon Relay editor/theme/flag artwork, created for this project (BL-16)",ship
data/editor/entities/Vanilla.png,2e0dc71e37adcc2d2ece2149300557943ab351c168c75f75e81a421a08eb55cd,image/png,The Neon Relay Authors,(c) 2026 The Neon Relay Authors,Zlib,https://github.com/Leo88q/neon-relay (generated by scripts/build_neon_editor_art.py / build_neon_background.py / build_neon_countryflags.py),"original Neon Relay editor/theme/flag artwork, created for this project (BL-16)",ship
data/editor/entities/blockworlds.png,d9c419db353e3c9afce6bbf5abaf89050d8065711ad762ef13f26a27002bfdb4,image/png,The Neon Relay Authors,(c) 2026 The Neon Relay Authors,Zlib,https://github.com/Leo88q/neon-relay (generated by scripts/build_neon_editor_art.py / build_neon_background.py / build_neon_countryflags.py),"original Neon Relay editor/theme/flag artwork, created for this project (BL-16)",ship
data/editor/entities_clear/blockworlds.png,7036efddb9c973a723448894d1a342d70f0b94b4c4b2dae7f199718b5d9cca57,image/png,The Neon Relay Authors,(c) 2026 The Neon Relay Authors,Zlib,https://github.com/Leo88q/neon-relay (generated by scripts/build_neon_editor_art.py / build_neon_background.py / build_neon_countryflags.py),"original Neon Relay editor/theme/flag artwork, created for this project (BL-16)",ship
data/editor/entities_clear/ddnet.png,ee54448c6aa63e314d8d81502d8fb81905575e747033d18fd108c2fcc4b8f0f3,image/png,The Neon Relay Authors,(c) 2026 The Neon Relay Authors,Zlib,https://github.com/Leo88q/neon-relay (generated by scripts/build_neon_editor_art.py / build_neon_background.py / build_neon_countryflags.py),"original Neon Relay editor/theme/flag artwork, created for this project (BL-16)",ship
data/editor/entities_clear/ddrace.png,b950c2499bbb3bafaf5fe972c8262fb97c08909a36ced7ce77998216066d15fb,image/png,The Neon Relay Authors,(c) 2026 The Neon Relay Authors,Zlib,https://github.com/Leo88q/neon-relay (generated by scripts/build_neon_editor_art.py / build_neon_background.py / build_neon_countryflags.py),"original Neon Relay editor/theme/flag artwork, created for this project (BL-16)",ship
data/editor/entities_clear/f-ddrace.png,a13d29b605b5f4ce1c4ed70f811e2d473c158781751ca14d68d973a934e248c5,image/png,The Neon Relay Authors,(c) 2026 The Neon Relay Authors,Zlib,https://github.com/Leo88q/neon-relay (generated by scripts/build_neon_editor_art.py / build_neon_background.py / build_neon_countryflags.py),"original Neon Relay editor/theme/flag artwork, created for this project (BL-16)",ship
data/editor/entities_clear/fng.png,aacce5ed07f62c27e224e2434c358e397ef8cae05af8d7cdec183d3af4172819,image/png,The Neon Relay Authors,(c) 2026 The Neon Relay Authors,Zlib,https://github.com/Leo88q/neon-relay (generated by scripts/build_neon_editor_art.py / build_neon_background.py / build_neon_countryflags.py),"original Neon Relay editor/theme/flag artwork, created for this project (BL-16)",ship
data/editor/entities_clear/race.png,1ff360b762ac39948b9fbaa818c6099fbb7261ea9baabb66a94ef20b28be200b,image/png,The Neon Relay Authors,(c) 2026 The Neon Relay Authors,Zlib,https://github.com/Leo88q/neon-relay (generated by scripts/build_neon_editor_art.py / build_neon_background.py / build_neon_countryflags.py),"original Neon Relay editor/theme/flag artwork, created for this project (BL-16)",ship
data/editor/entities_clear/vanilla.png,79d2f742fb1a72ab6828ab2faa34749140168833e27cd8229c4c9dd1f136357a,image/png,The Neon Relay Authors,(c) 2026 The Neon Relay Authors,Zlib,https://github.com/Leo88q/neon-relay (generated by scripts/build_neon_editor_art.py / build_neon_background.py / build_neon_countryflags.py),"original Neon Relay editor/theme/flag artwork, created for this project (BL-16)",ship
data/editor/front.png,4640e55e7ec22b41e03bb325c27c4aee0e7ac38d4ebcfce418bd577e3c928458,image/png,The Neon Relay Authors,(c) 2026 The Neon Relay Authors,Zlib,https://github.com/Leo88q/neon-relay (generated by scripts/build_neon_editor_art.py / build_neon_background.py / build_neon_countryflags.py),"original Neon Relay editor/theme/flag artwork, created for this project (BL-16)",ship
data/editor/speed_arrow.png,a8cb837debc4d1ebb65190820e3bce9ba79bc499182ddb6dcd8d2bc1cdb22260,image/png,The Neon Relay Authors,(c) 2026 The Neon Relay Authors,Zlib,https://github.com/Leo88q/neon-relay (generated by scripts/build_neon_editor_art.py / build_neon_background.py / build_neon_countryflags.py),"original Neon Relay editor/theme/flag artwork, created for this project (BL-16)",ship
data/editor/speed_arrow_array.png,3343de68aad1d0cbf0b359ee446a5e6e17341b5701ca1a5a39e12c81fea6eff1,image/png,The Neon Relay Authors,(c) 2026 The Neon Relay Authors,Zlib,https://github.com/Leo88q/neon-relay (generated by scripts/build_neon_editor_art.py / build_neon_background.py / build_neon_countryflags.py),"original Neon Relay editor/theme/flag artwork, created for this project (BL-16)",ship
data/editor/speedup.png,f64aeb78c63b0025c9bfd74ff47bd37860e1ae674eb208aefc6b5a8c7cc240da,image/png,The Neon Relay Authors,(c) 2026 The Neon Relay Authors,Zlib,https://github.com/Leo88q/neon-relay (generated by scripts/build_neon_editor_art.py / build_neon_background.py / build_neon_countryflags.py),"original Neon Relay editor/theme/flag artwork, created for this project (BL-16)",ship
data/editor/switch.png,7b68cd42db373dfa3e55bcbaceef366a9b4ed4b68f47f70a8ab06f4a216db2f9,image/png,The Neon Relay Authors,(c) 2026 The Neon Relay Authors,Zlib,https://github.com/Leo88q/neon-relay (generated by scripts/build_neon_editor_art.py / build_neon_background.py / build_neon_countryflags.py),"original Neon Relay editor/theme/flag artwork, created for this project (BL-16)",ship
data/editor/tele.png,821ea93b4bc169d8ae687000d61ce101fa6527e7d3f16a5df54ac2ced18ec462,image/png,The Neon Relay Authors,(c) 2026 The Neon Relay Authors,Zlib,https://github.com/Leo88q/neon-relay (generated by scripts/build_neon_editor_art.py / build_neon_background.py / build_neon_countryflags.py),"original Neon Relay editor/theme/flag artwork, created for this project (BL-16)",ship
data/editor/tune.png,c369240fc88f326efca26837db105a01a33200e6de701d4d28a09160fb7e2ba4,image/png,The Neon Relay Authors,(c) 2026 The Neon Relay Authors,Zlib,https://github.com/Leo88q/neon-relay (generated by scripts/build_neon_editor_art.py / build_neon_background.py / build_neon_countryflags.py),"original Neon Relay editor/theme/flag artwork, created for this project (BL-16)",ship
data/emoticons.png,3a646024236f70909fd5d28cff7c01c4924457ffc06ab1572bf3075c21a92b86,image/png,The Neon Relay Authors,(c) 2026 The Neon Relay Authors,Zlib,https://github.com/Leo88q/neon-relay (generated by scripts/build_neon_ui_art.py),"original Neon Relay UI art, procedurally generated (stage 16); replaces upstream artwork in place over the same filename",ship
data/extras.png,a700770483ff5b9ceeeafd56b2bd942428a337ee7fd0e58a56f1354167aa3074,image/png,The Neon Relay Authors,(c) 2026 The Neon Relay Authors,Zlib,https://github.com/Leo88q/neon-relay (generated by scripts/build_neon_misc_sheets.py),"original Neon Relay misc sheet, created for this project (BL-15)",ship
data/fonts/DejaVuSans.ttf,7da195a74c55bef988d0d48f9508bd5d849425c1770dba5d7bfc6ce9ed848954,font/ttf,"Bitstream, Inc. (Vera); Tavmjong Bah (Arev); DejaVu contributors","Copyright (c) 2003 Bitstream, Inc.; Copyright (c) 2006 Tavmjong Bah",Bitstream-Vera AND Arev AND public-domain,https://dejavu-fonts.github.io/,Bitstream Vera license + Arev license; DejaVu changes are public domain,ship
data/fonts/Font_Awesome_6_Free-Solid-900.otf,2a490f765a6fc2427b96b01a0728e0001c7b6a11593c84cd70e7863889980b0a,font/otf,"Fonticons, Inc.","Copyright (c) 2023 Fonticons, Inc.",OFL-1.1,https://fontawesome.com/license/free,"SIL Open Font License 1.1; Reserved Font Name ""Font Awesome""",ship
data/fonts/GlowSansJ-Compressed-Book.otf,7f084ff775e8e958eb0511c2e396ae4e60e53e19d856cd3555911402a793f0d2,font/otf,Project Wêlai,Copyright (c) 2020 Project Wêlai,OFL-1.1,https://github.com/welai/glow-sans,SIL Open Font License 1.1,ship
data/fonts/SourceHanSans.ttc,aba89747cadf8525e1baa8da817deeefd34a3d61e9c121c70ead7d38098a8e1b,font/collection,Adobe,Copyright (c) 2014-2021 Adobe,OFL-1.1,https://github.com/adobe-fonts/source-han-sans,"SIL Open Font License 1.1; Reserved Font Name ""Source""",ship
data/fonts/index.json,93aa9ed6c63f4b0aa0967972e02229df7b2274ba03492733d50b7bf18a39f9d0,application/json,DDNet contributors (no individual author named upstream),Copyright DDNet contributors (no individual author named upstream),CC-BY-SA-3.0,https://github.com/ddnet/ddnet/blob/a853d333ac9e61ebfa2899b4641f8b0658ba60d5/data/fonts/index.json,upstream ships no author list for this directory (see docs/UPSTREAM_AUDIT.md §3),block-release
data/game.png,011ebda32b588f088f4ca1e034d41e48020f1737682d526b32268ebf914c7a80,image/png,The Neon Relay Authors,(c) 2026 The Neon Relay Authors,Zlib,https://github.com/Leo88q/neon-relay (generated by scripts/build_neon_game_sheet.py),"original Neon Relay weapons/effects/flags sheet, created for this project (BL-15)",ship
data/gui_buttons.png,1339073a976c9df8c7500ca82c6ce26698a3e97e4d6525bd28253677eacd7bd2,image/png,DDNet contributors (no individual author named upstream),Copyright DDNet contributors (no individual author named upstream),CC-BY-SA-3.0,https://github.com/ddnet/ddnet/blob/a853d333ac9e61ebfa2899b4641f8b0658ba60d5/data/gui_buttons.png,upstream ships no author list for this directory (see docs/UPSTREAM_AUDIT.md §3),block-release
data/gui_cursor.png,86f0fd8c7949fdb784987ddb118c3258f41ac631a65333df2ebf259062d0d303,image/png,The Neon Relay Authors,(c) 2026 The Neon Relay Authors,Zlib,https://github.com/Leo88q/neon-relay (generated by scripts/build_neon_ui_art.py),"original Neon Relay UI art, procedurally generated (stage 16); replaces upstream artwork in place over the same filename",ship
data/gui_icons.png,00d2a62216910244f7952c6450c1e8206453aaed5384602f9aa8385190225fa2,image/png,The Neon Relay Authors,(c) 2026 The Neon Relay Authors,Zlib,https://github.com/Leo88q/neon-relay (generated by scripts/build_neon_ui_art.py),"original Neon Relay UI art, procedurally generated (stage 16); replaces upstream artwork in place over the same filename",ship
data/gui_logo.png,6b8497c186dd848d3182d2540dee94aeaba9be885d224a9f3b3cd97b4f77174c,image/png,The Neon Relay Authors,(c) 2026 The Neon Relay Authors,Zlib,https://github.com/Leo88q/neon-relay (generated by scripts/build_brand_assets.py),"original Neon Relay artwork, created for this project",ship
data/hud.png,1dcca4aa1649b04e9df927aa11c94677e2d82d3a23d788cded19f1f850f4700b,image/png,The Neon Relay Authors,(c) 2026 The Neon Relay Authors,Zlib,https://github.com/Leo88q/neon-relay (generated by scripts/build_neon_ui_art.py),"original Neon Relay UI art, procedurally generated (stage 16); replaces upstream artwork in place over the same filename",ship
data/languages/README.txt,d885c3631033019f9b4a59132e9d440f539beb762b92ccb310af753629a0325a,text/plain,DDNet/Teeworlds translation contributors,see file,CC-BY-SA-3.0,https://github.com/ddnet/ddnet/blob/a853d333ac9e61ebfa2899b4641f8b0658ba60d5/data/languages/README.txt,license/README notice for the translations,ship
data/languages/arabic.txt,4d9f09e46870e910c6dddd6c4df2934734816f8afbc6c658d5830631e923a39c,text/plain,DDNet/Teeworlds translation contributors,see translation file header,CC-BY-SA-3.0,https://github.com/ddnet/ddnet/blob/a853d333ac9e61ebfa2899b4641f8b0658ba60d5/data/languages/arabic.txt,"Arabic translation by Relax, .Yukki, Reko and vMarshu",ship
data/languages/azerbaijani.txt,7b49b0a7e9c5a80ebac12dcf709ad813910d539cf14c2f1690f6e019875a0643,text/plain,DDNet/Teeworlds translation contributors,see translation file header,CC-BY-SA-3.0,https://github.com/ddnet/ddnet/blob/a853d333ac9e61ebfa2899b4641f8b0658ba60d5/data/languages/azerbaijani.txt,authors listed inside the translation file,ship
data/languages/belarusian.txt,5ccf682fbcbab0d277bf887e3a8be685ceaad8a20da1f792ec0681b8fff92774,text/plain,DDNet/Teeworlds translation contributors,see translation file header,CC-BY-SA-3.0,https://github.com/ddnet/ddnet/blob/a853d333ac9e61ebfa2899b4641f8b0658ba60d5/data/languages/belarusian.txt,authors listed inside the translation file,ship
data/languages/bosnian.txt,7562bc614bcc109892dca49cd279b2e65200cb352b61ff77e8b850a8c4be75fa,text/plain,DDNet/Teeworlds translation contributors,see translation file header,CC-BY-SA-3.0,https://github.com/ddnet/ddnet/blob/a853d333ac9e61ebfa2899b4641f8b0658ba60d5/data/languages/bosnian.txt,Bosnian translation by *** and MikiGamer,ship
data/languages/brazilian_portuguese.txt,8f953265d9f97e0e313818ea6e8f27b26dbd41c693bfcf7768784ee34a2fff78,text/plain,DDNet/Teeworlds translation contributors,see translation file header,CC-BY-SA-3.0,https://github.com/ddnet/ddnet/blob/a853d333ac9e61ebfa2899b4641f8b0658ba60d5/data/languages/brazilian_portuguese.txt,authors listed inside the translation file,ship
data/languages/bulgarian.txt,3c194f12eb9c5972115c29477f4b7bb65fe227e0c26fc4881772a608a3b44a06,text/plain,DDNet/Teeworlds translation contributors,see translation file header,CC-BY-SA-3.0,https://github.com/ddnet/ddnet/blob/a853d333ac9e61ebfa2899b4641f8b0658ba60d5/data/languages/bulgarian.txt,Bulgarian translation by Hip-Hop_Blond,ship
data/languages/catalan.txt,eaa51bf2d7c9728cb3e91e8dcdcd54b47b26353198a3c8319be19594f3f72024,text/plain,DDNet/Teeworlds translation contributors,see translation file header,CC-BY-SA-3.0,https://github.com/ddnet/ddnet/blob/a853d333ac9e61ebfa2899b4641f8b0658ba60d5/data/languages/catalan.txt,Catalan translation by Ryozuki,ship
data/languages/chuvash.txt,f4b1a682f130a038fc2ec1a18e8f64284b0336c84aea575ad33bd1230c5f7825,text/plain,DDNet/Teeworlds translation contributors,see translation file header,CC-BY-SA-3.0,https://github.com/ddnet/ddnet/blob/a853d333ac9e61ebfa2899b4641f8b0658ba60d5/data/languages/chuvash.txt,Chuvash translation by Watz,ship
data/languages/czech.txt,028ec97b4d3629165264859425c322b7d792e8924afbe382965ca690237a7fa1,text/plain,DDNet/Teeworlds translation contributors,see translation file header,CC-BY-SA-3.0,https://github.com/ddnet/ddnet/blob/a853d333ac9e61ebfa2899b4641f8b0658ba60d5/data/languages/czech.txt,authors listed inside the translation file,ship
data/languages/danish.txt,8d74de563e05210628a546109597a29a6651ad1542fb9920eaccf74883fc1082,text/plain,DDNet/Teeworlds translation contributors,see translation file header,CC-BY-SA-3.0,https://github.com/ddnet/ddnet/blob/a853d333ac9e61ebfa2899b4641f8b0658ba60d5/data/languages/danish.txt,authors listed inside the translation file,ship
data/languages/dutch.txt,8d1b8f46278487399b021f56af727905e568671d0fb4c25315557237de5a642b,text/plain,DDNet/Teeworlds translation contributors,see translation file header,CC-BY-SA-3.0,https://github.com/ddnet/ddnet/blob/a853d333ac9e61ebfa2899b4641f8b0658ba60d5/data/languages/dutch.txt,authors listed inside the translation file,ship
data/languages/esperanto.txt,5f4706972cdfa002d4d42af2585d577317c23c38a2dd276269df56db72cc7e7f,text/plain,DDNet/Teeworlds translation contributors,see translation file header,CC-BY-SA-3.0,https://github.com/ddnet/ddnet/blob/a853d333ac9e61ebfa2899b4641f8b0658ba60d5/data/languages/esperanto.txt,authors listed inside the translation file,ship
data/languages/estonian.txt,f7faeeec838450846e315aeb6fa3ffdba74fb8aac20eef6bd80e571967d5d03c,text/plain,DDNet/Teeworlds translation contributors,see translation file header,CC-BY-SA-3.0,https://github.com/ddnet/ddnet/blob/a853d333ac9e61ebfa2899b4641f8b0658ba60d5/data/languages/estonian.txt,Estonian translation by Cammodude,ship
data/languages/finnish.txt,0d17f9385129af1e4540e133d892aab60c51c613dc8821ca7bc109b05ba9ad33,text/plain,DDNet/Teeworlds translation contributors,see translation file header,CC-BY-SA-3.0,https://github.com/ddnet/ddnet/blob/a853d333ac9e61ebfa2899b4641f8b0658ba60d5/data/languages/finnish.txt,"Finnish translation by ziltoide, Misse, Igrekyll and ƤØŢĀŤ0Co",ship
data/languages/french.txt,34fcadf37d40f99359a8d502eb60b0d05b7b3c1b458a6327194dd70dbc11fedb,text/plain,DDNet/Teeworlds translation contributors,see translation file header,CC-BY-SA-3.0,https://github.com/ddnet/ddnet/blob/a853d333ac9e61ebfa2899b4641f8b0658ba60d5/data/languages/french.txt,"French translation by lordskelethom, Ubu, Choupom, clecle226, SunnyPistache, Pipou, Chairn, T tee, NRK, Nouaa, Sucre, archimede67, Sukya, Emilcha and Yubel",ship
data/languages/galician.txt,6291dba05e7b251f15ff62bdb241656e67cd5bea6f76f07d93694f2403b3cb90,text/plain,DDNet/Teeworlds translation contributors,see translation file header,CC-BY-SA-3.0,https://github.com/ddnet/ddnet/blob/a853d333ac9e61ebfa2899b4641f8b0658ba60d5/data/languages/galician.txt,Galician translation by TormentaDeFacha and Mercadona,ship
data/languages/german.txt,1a36c7db38ffa90958ee597e586433443bffce4fdda721e59318098a4ec0148f,text/plain,DDNet/Teeworlds translation contributors,see translation file header,CC-BY-SA-3.0,https://github.com/ddnet/ddnet/blob/a853d333ac9e61ebfa2899b4641f8b0658ba60d5/data/languages/german.txt,authors listed inside the translation file,ship
data/languages/greek.txt,6b81107ddb9aa538f5ca1d625bb2f5e4966995b5405369007670bb3beda9671b,text/plain,DDNet/Teeworlds translation contributors,see translation file header,CC-BY-SA-3.0,https://github.com/ddnet/ddnet/blob/a853d333ac9e61ebfa2899b4641f8b0658ba60d5/data/languages/greek.txt,Greek translation by Evropi,ship
data/languages/hungarian.txt,ad84f3ee3606cddb2c415f17a2417d219a27e853c3b22cdf7a795e6f9e4b10c3,text/plain,DDNet/Teeworlds translation contributors,see translation file header,CC-BY-SA-3.0,https://github.com/ddnet/ddnet/blob/a853d333ac9e61ebfa2899b4641f8b0658ba60d5/data/languages/hungarian.txt,authors listed inside the translation file,ship
data/languages/index.txt,d819f61cddde6778e04c9ba15c84ff28e776dad13694915db3e21fa245736419,text/plain,DDNet/Teeworlds translation contributors,see translation file header,CC-BY-SA-3.0,https://github.com/ddnet/ddnet/blob/a853d333ac9e61ebfa2899b4641f8b0658ba60d5/data/languages/index.txt,authors listed inside the translation file,ship
data/languages/italian.txt,f11e9e3577de0ed606782b23c17022716ee0b81c863ef2bab0b74f3ebf09ad6c,text/plain,DDNet/Teeworlds translation contributors,see translation file header,CC-BY-SA-3.0,https://github.com/ddnet/ddnet/blob/a853d333ac9e61ebfa2899b4641f8b0658ba60d5/data/languages/italian.txt,"Italian translation by Lanta, Carmine, Otacon, Apmox, NeXus and kio",ship
data/languages/japanese.txt,713874edcfd3b79626990c59ad7de03d3e6a346b93e07b79017b0940f2ad8de7,text/plain,DDNet/Teeworlds translation contributors,see translation file header,CC-BY-SA-3.0,https://github.com/ddnet/ddnet/blob/a853d333ac9e61ebfa2899b4641f8b0658ba60d5/data/languages/japanese.txt,Japanese translation by orange and Eana Hufwe,ship
data/languages/korean.txt,1299f54b41ad67e86a4dc578f5a52d0305b25ab7c37136e2e8c2792752725c05,text/plain,DDNet/Teeworlds translation contributors,see translation file header,CC-BY-SA-3.0,https://github.com/ddnet/ddnet/blob/a853d333ac9e61ebfa2899b4641f8b0658ba60d5/data/languages/korean.txt,authors listed inside the translation file,ship
data/languages/kyrgyz.txt,3de9cc881780f276b4dca70d5abf63d10fccc11f2ffd217bb78d93f847b3b17a,text/plain,DDNet/Teeworlds translation contributors,see translation file header,CC-BY-SA-3.0,https://github.com/ddnet/ddnet/blob/a853d333ac9e61ebfa2899b4641f8b0658ba60d5/data/languages/kyrgyz.txt,Kyrgyz translation by chingis,ship
data/languages/license.txt,f8c1cff1aab1fb0ff5d871fa6c0653a817fa621f280bf4899293e3be4a82198e,text/plain,DDNet/Teeworlds translation contributors,see file,CC-BY-SA-3.0,https://github.com/ddnet/ddnet/blob/a853d333ac9e61ebfa2899b4641f8b0658ba60d5/data/languages/license.txt,license/README notice for the translations,ship
data/languages/norwegian.txt,39359b90930d8a8b138e7b7c74fae3dfc9bb4240cf433dc0de55fa964721723e,text/plain,DDNet/Teeworlds translation contributors,see translation file header,CC-BY-SA-3.0,https://github.com/ddnet/ddnet/blob/a853d333ac9e61ebfa2899b4641f8b0658ba60d5/data/languages/norwegian.txt,Norwegian translation by MertenNor and nuborn,ship
data/languages/persian.txt,01631453019c7caa91bc4309c71c65e6b9211978c9f7034026572168b97da4d4,text/plain,DDNet/Teeworlds translation contributors,see translation file header,CC-BY-SA-3.0,https://github.com/ddnet/ddnet/blob/a853d333ac9e61ebfa2899b4641f8b0658ba60d5/data/languages/persian.txt,"Persian translation by OneShadow, Quick, younesdevil, Player, ArAsH and Fàłłéñ",ship
data/languages/polish.txt,0a11ae078a683b35a3c7d19ae7597615dac4721c74aaf25381b7d2407b483098,text/plain,DDNet/Teeworlds translation contributors,see translation file header,CC-BY-SA-3.0,https://github.com/ddnet/ddnet/blob/a853d333ac9e61ebfa2899b4641f8b0658ba60d5/data/languages/polish.txt,authors listed inside the translation file,ship
data/languages/portuguese.txt,e8d64936db900df7dc1314c2a69887faa572fb3c720aafea3de0a9e46b3f286a,text/plain,DDNet/Teeworlds translation contributors,see translation file header,CC-BY-SA-3.0,https://github.com/ddnet/ddnet/blob/a853d333ac9e61ebfa2899b4641f8b0658ba60d5/data/languages/portuguese.txt,"Portuguese translation by HeroiAmarelo, rockuS and DrafaKiller",ship
data/languages/romanian.txt,07a43c92457b0f9229b3ecc62c361f4d434eafce65c418f375c9ee6c946fe07a,text/plain,DDNet/Teeworlds translation contributors,see translation file header,CC-BY-SA-3.0,https://github.com/ddnet/ddnet/blob/a853d333ac9e61ebfa2899b4641f8b0658ba60d5/data/languages/romanian.txt,authors listed inside the translation file,ship
data/languages/russian.txt,b960c74cb9773b5c3342dc34e3fee7c8eae7ef2997b96b969ce1f9a7e595151b,text/plain,DDNet/Teeworlds translation contributors,see translation file header,CC-BY-SA-3.0,https://github.com/ddnet/ddnet/blob/a853d333ac9e61ebfa2899b4641f8b0658ba60d5/data/languages/russian.txt,authors listed inside the translation file,ship
data/languages/serbian.txt,d3e14d82a327c5b88429e1ed749763c2ddbda214dc37b9680313f07dcd263350,text/plain,DDNet/Teeworlds translation contributors,see translation file header,CC-BY-SA-3.0,https://github.com/ddnet/ddnet/blob/a853d333ac9e61ebfa2899b4641f8b0658ba60d5/data/languages/serbian.txt,"Serbian translation by DNR, EliteTee, Kingston and Veljko Radovanovic (VekiPro)",ship
data/languages/serbian_cyrillic.txt,8a2109304e57e1d8456b9c143ea93fbe33ca7c57f6bdfa36c3895685afd47152,text/plain,DDNet/Teeworlds translation contributors,see translation file header,CC-BY-SA-3.0,https://github.com/ddnet/ddnet/blob/a853d333ac9e61ebfa2899b4641f8b0658ba60d5/data/languages/serbian_cyrillic.txt,Serbian Cyrillic translation by Veljko Radovanovic (VekiPro),ship
data/languages/simplified_chinese.txt,298a3dd5224093f1609c5d95a18ef411b9ce8f0be921aaa02054a5f232f909b0,text/plain,DDNet/Teeworlds translation contributors,see translation file header,CC-BY-SA-3.0,https://github.com/ddnet/ddnet/blob/a853d333ac9e61ebfa2899b4641f8b0658ba60d5/data/languages/simplified_chinese.txt,authors listed inside the translation file,ship
data/languages/slovak.txt,75e083d611066dfe1ca7aee2eb3f57b5d6673602b0723c063f326ae6f6a9253a,text/plain,DDNet/Teeworlds translation contributors,see translation file header,CC-BY-SA-3.0,https://github.com/ddnet/ddnet/blob/a853d333ac9e61ebfa2899b4641f8b0658ba60d5/data/languages/slovak.txt,authors listed inside the translation file,ship
data/languages/spanish.txt,2c856f0f69ec350a08cd5dc94f633738bb7335b4308925c15448241408fc7493,text/plain,DDNet/Teeworlds translation contributors,see translation file header,CC-BY-SA-3.0,https://github.com/ddnet/ddnet/blob/a853d333ac9e61ebfa2899b4641f8b0658ba60d5/data/languages/spanish.txt,authors listed inside the translation file,ship
data/languages/swedish.txt,0fc879a851127d2247ed9b9f95026d8c61594dd83e48e308904e97389fd67d58,text/plain,DDNet/Teeworlds translation contributors,see translation file header,CC-BY-SA-3.0,https://github.com/ddnet/ddnet/blob/a853d333ac9e61ebfa2899b4641f8b0658ba60d5/data/languages/swedish.txt,authors listed inside the translation file,ship
data/languages/traditional_chinese.txt,aa64552e12c72a4de21ea2df181e81226ccdc3270a9e4b836137f6a080a34a94,text/plain,DDNet/Teeworlds translation contributors,see translation file header,CC-BY-SA-3.0,https://github.com/ddnet/ddnet/blob/a853d333ac9e61ebfa2899b4641f8b0658ba60d5/data/languages/traditional_chinese.txt,authors listed inside the translation file,ship
data/languages/turkish.txt,25f13fde00af4df452f596eac268dc3747506529c5988b6eef1bad804c88d8b1,text/plain,DDNet/Teeworlds translation contributors,see translation file header,CC-BY-SA-3.0,https://github.com/ddnet/ddnet/blob/a853d333ac9e61ebfa2899b4641f8b0658ba60d5/data/languages/turkish.txt,authors listed inside the translation file,ship
data/languages/ukrainian.txt,fbba61f289f036349728f24397857c2d797169d191eedf2690691da7e67c3d76,text/plain,DDNet/Teeworlds translation contributors,see translation file header,CC-BY-SA-3.0,https://github.com/ddnet/ddnet/blob/a853d333ac9e61ebfa2899b4641f8b0658ba60d5/data/languages/ukrainian.txt,authors listed inside the translation file,ship
data/mapres/neonrelay_scenery.png,f84998a9935cb824fe537db829dee2b4907282ec1293e28558c73e5b8f0119f7,image/png,The Neon Relay Authors,(c) 2026 The Neon Relay Authors,Zlib,https://github.com/Leo88q/neon-relay (generated by scripts/build_neon_tileset.py and scripts/build_neon_background.py),"original Neon Relay map artwork, created for this project (BL-14)",ship
data/mapres/neonrelay_sky.png,be68ffc0d8c77fdd23bbbb2c7e94eeb96597d5008c443d3278780456abbd1ac0,image/png,The Neon Relay Authors,(c) 2026 The Neon Relay Authors,Zlib,https://github.com/Leo88q/neon-relay (generated by scripts/build_neon_tileset.py and scripts/build_neon_background.py),"original Neon Relay map artwork, created for this project (BL-14)",ship
data/mapres/neonrelay_tiles.png,7bf538972ab3eaba7fa33b905c6199e6c5128eb3750b73d7f8165f36522b253e,image/png,The Neon Relay Authors,(c) 2026 The Neon Relay Authors,Zlib,https://github.com/Leo88q/neon-relay (generated by scripts/build_neon_tileset.py and scripts/build_neon_background.py),"original Neon Relay map artwork, created for this project (BL-14)",ship
data/maps/Aurora Ascent.map,621e01340f327cd83c6871385af0bd32f162b0c70dd45d1fd897db436c2298a2,application/x-teeworlds-map,The Neon Relay Authors,(c) 2026 The Neon Relay Authors,Zlib,https://github.com/Leo88q/neon-relay (generated by scripts/build_neon_maps.py),"original Neon Relay map, procedurally generated (BL-14)",ship
data/maps/Chromatic Canyon.map,468ae1bc049e2c8fa1d6acbbbed5dd1129f1cb3fc183451875a41b5d94b3da26,application/x-teeworlds-map,The Neon Relay Authors,(c) 2026 The Neon Relay Authors,Zlib,https://github.com/Leo88q/neon-relay (generated by scripts/build_neon_maps.py),"original Neon Relay map, procedurally generated (BL-14)",ship
data/maps/Midnight Circuit.map,257e6ca5b86d80ec07a80d14bee046f1fd0edd3882820f9f65e4fdee0418fb27,application/x-teeworlds-map,The Neon Relay Authors,(c) 2026 The Neon Relay Authors,Zlib,https://github.com/Leo88q/neon-relay (generated by scripts/build_neon_maps.py),"original Neon Relay map, procedurally generated (BL-14)",ship
data/maps/Neon Relay Basin.map,69b00118bbbf123b137e406fe05cde549098f6e9b4dd8bd5febf657b0be6df5e,application/x-teeworlds-map,The Neon Relay Authors,(c) 2026 The Neon Relay Authors,Zlib,https://github.com/Leo88q/neon-relay (generated by scripts/build_neon_maps.py),"original Neon Relay map, procedurally generated (BL-14)",ship
data/maps/Vector Spire.map,ef74c86c9ea63a1b53ae836d1a6d4f50b042964cbe2f692a451867e258dc5341,application/x-teeworlds-map,The Neon Relay Authors,(c) 2026 The Neon Relay Authors,Zlib,https://github.com/Leo88q/neon-relay (generated by scripts/build_neon_maps.py),"original Neon Relay map, procedurally generated (BL-14)",ship
data/maps/license.txt,96b5ec0bba829f7bd29563b67e81382383b4a7f64edc34f3d7b64ee44e850196,text/plain,see file,see file,see file,https://github.com/ddnet/ddnet/blob/a853d333ac9e61ebfa2899b4641f8b0658ba60d5/data/maps/license.txt,third-party license notice shipped with the assets,ship
data/menuimages/demos.png,852956c441a29682e9eafc66ac95b26b7b3b0d84b83a17e1d544bf0f407e6826,image/png,The Neon Relay Authors,(c) 2026 The Neon Relay Authors,Zlib,https://github.com/Leo88q/neon-relay (generated by scripts/build_brand_assets.py),"original Neon Relay artwork, created for this project",ship
data/menuimages/editor.png,539d94bb76cce1ae0a4367c5ea62cf6408f7f646dd3be7c9e31ab7ce9f1f62dd,image/png,The Neon Relay Authors,(c) 2026 The Neon Relay Authors,Zlib,https://github.com/Leo88q/neon-relay (generated by scripts/build_brand_assets.py),"original Neon Relay artwork, created for this project",ship
data/menuimages/local_server.png,1f9a11da6dfee72c58f6aac6e9b0df04cde4b663bc10016ebce92b6e13659f5c,image/png,The Neon Relay Authors,(c) 2026 The Neon Relay Authors,Zlib,https://github.com/Leo88q/neon-relay (generated by scripts/build_brand_assets.py),"original Neon Relay artwork, created for this project",ship
data/menuimages/play_game.png,8a36730d31ad0df29e3cf41261f463af836c744aed7462ec82c3b67462d247f3,image/png,The Neon Relay Authors,(c) 2026 The Neon Relay Authors,Zlib,https://github.com/Leo88q/neon-relay (generated by scripts/build_brand_assets.py),"original Neon Relay artwork, created for this project",ship
data/menuimages/settings.png,64582bf70dbd7e6a7012a2b1583e325fff24c797d2201d09986f7eb6e8ba4c2b,image/png,The Neon Relay Authors,(c) 2026 The Neon Relay Authors,Zlib,https://github.com/Leo88q/neon-relay (generated by scripts/build_brand_assets.py),"original Neon Relay artwork, created for this project",ship
data/particles.png,10dfec0ede8df96da8004827be61ea8d9706c40e7e5107ae7639b5ec736f1a77,image/png,The Neon Relay Authors,(c) 2026 The Neon Relay Authors,Zlib,https://github.com/Leo88q/neon-relay (generated by scripts/build_neon_ui_art.py),"original Neon Relay UI art, procedurally generated (stage 16); replaces upstream artwork in place over the same filename",ship
data/race_flag.png,b5beed5054e79a19fc8f4264afa444e60a11e984bf6da67774826e414666ad7b,image/png,The Neon Relay Authors,(c) 2026 The Neon Relay Authors,Zlib,https://github.com/Leo88q/neon-relay (generated by scripts/build_neon_ui_art.py),"original Neon Relay UI art, procedurally generated (stage 16); replaces upstream artwork in place over the same filename",ship
data/shader/pipeline.frag,4f96d3e518098215a472986bd242972e1acc9f39ef0820538b6977ccf2bfa888,text/x-glsl,DDNet contributors (no individual author named upstream),Copyright DDNet contributors (no individual author named upstream),CC-BY-SA-3.0,https://github.com/ddnet/ddnet/blob/a853d333ac9e61ebfa2899b4641f8b0658ba60d5/data/shader/pipeline.frag,upstream ships no author list for this directory (see docs/UPSTREAM_AUDIT.md §3),block-release
data/shader/pipeline.vert,72ccc23512407568509858809c94df6d6eb09c307e7ddba86933ccd82bdc7f73,text/x-glsl,DDNet contributors (no individual author named upstream),Copyright DDNet contributors (no individual author named upstream),CC-BY-SA-3.0,https://github.com/ddnet/ddnet/blob/a853d333ac9e61ebfa2899b4641f8b0658ba60d5/data/shader/pipeline.vert,upstream ships no author list for this directory (see docs/UPSTREAM_AUDIT.md §3),block-release
data/shader/prim.frag,90b26d0f6f177041896e01e3ea22a58ed3128ff374cba5e99766b5736a256b52,text/x-glsl,DDNet contributors (no individual author named upstream),Copyright DDNet contributors (no individual author named upstream),CC-BY-SA-3.0,https://github.com/ddnet/ddnet/blob/a853d333ac9e61ebfa2899b4641f8b0658ba60d5/data/shader/prim.frag,upstream ships no author list for this directory (see docs/UPSTREAM_AUDIT.md §3),block-release
data/shader/prim.vert,cd87e277bd5493cf60d4f102a1d2742d4627c82b92850a6cb2115f3ab093de37,text/x-glsl,DDNet contributors (no individual author named upstream),Copyright DDNet contributors (no individual author named upstream),CC-BY-SA-3.0,https://github.com/ddnet/ddnet/blob/a853d333ac9e61ebfa2899b4641f8b0658ba60d5/data/shader/prim.vert,upstream ships no author list for this directory (see docs/UPSTREAM_AUDIT.md §3),block-release
data/shader/primex.frag,7ae333d23d0443a415f441b55f2d88fe39d1b69117159695855f0708e476e9ab,text/x-glsl,DDNet contributors (no individual author named upstream),Copyright DDNet contributors (no individual author named upstream),CC-BY-SA-3.0,https://github.com/ddnet/ddnet/blob/a853d333ac9e61ebfa2899b4641f8b0658ba60d5/data/shader/primex.frag,upstream ships no author list for this directory (see docs/UPSTREAM_AUDIT.md §3),block-release
data/shader/primex.vert,06d7aa93dad00505fd27e1d44e4210796207e6c3550a4a027a2e73f3bede8af1,text/x-glsl,DDNet contributors (no individual author named upstream),Copyright DDNet contributors (no individual author named upstream),CC-BY-SA-3.0,https://github.com/ddnet/ddnet/blob/a853d333ac9e61ebfa2899b4641f8b0658ba60d5/data/shader/primex.vert,upstream ships no author list for this directory (see docs/UPSTREAM_AUDIT.md §3),block-release
data/shader/quad.frag,b6ae8ec255d2f03a8dc401043b57cb9ee787ce9e1472e668b4c1660978a3b04b,text/x-glsl,DDNet contributors (no individual author named upstream),Copyright DDNet contributors (no individual author named upstream),CC-BY-SA-3.0,https://github.com/ddnet/ddnet/blob/a853d333ac9e61ebfa2899b4641f8b0658ba60d5/data/shader/quad.frag,upstream ships no author list for this directory (see docs/UPSTREAM_AUDIT.md §3),block-release
data/shader/quad.vert,26eed67704d3e0f30d473c64030820db3895fea8f2cc8c20e8296dbb09c4e1a3,text/x-glsl,DDNet contributors (no individual author named upstream),Copyright DDNet contributors (no individual author named upstream),CC-BY-SA-3.0,https://github.com/ddnet/ddnet/blob/a853d333ac9e61ebfa2899b4641f8b0658ba60d5/data/shader/quad.vert,upstream ships no author list for this directory (see docs/UPSTREAM_AUDIT.md §3),block-release
data/shader/spritemulti.frag,65bff491905bf44b0fe176d8caff732393d32a4fe81b52fec83ecf2b9b3ab48d,text/x-glsl,DDNet contributors (no individual author named upstream),Copyright DDNet contributors (no individual author named upstream),CC-BY-SA-3.0,https://github.com/ddnet/ddnet/blob/a853d333ac9e61ebfa2899b4641f8b0658ba60d5/data/shader/spritemulti.frag,upstream ships no author list for this directory (see docs/UPSTREAM_AUDIT.md §3),block-release
data/shader/spritemulti.vert,5851678e3c6edcbc3dfad47b1614862cf155d75aa0cb640c1499ebc153b422b5,text/x-glsl,DDNet contributors (no individual author named upstream),Copyright DDNet contributors (no individual author named upstream),CC-BY-SA-3.0,https://github.com/ddnet/ddnet/blob/a853d333ac9e61ebfa2899b4641f8b0658ba60d5/data/shader/spritemulti.vert,upstream ships no author list for this directory (see docs/UPSTREAM_AUDIT.md §3),block-release
data/shader/text.frag,a7ae8512dc2f41b8c4796b591c69b15013828714353c266c26d283d1ae8937ef,text/x-glsl,DDNet contributors (no individual author named upstream),Copyright DDNet contributors (no individual author named upstream),CC-BY-SA-3.0,https://github.com/ddnet/ddnet/blob/a853d333ac9e61ebfa2899b4641f8b0658ba60d5/data/shader/text.frag,upstream ships no author list for this directory (see docs/UPSTREAM_AUDIT.md §3),block-release
data/shader/text.vert,636fb5b68afbab2fb6cb051c6707b3806fdd86ab2952bcbbcecfb7ff7df22518,text/x-glsl,DDNet contributors (no individual author named upstream),Copyright DDNet contributors (no individual author named upstream),CC-BY-SA-3.0,https://github.com/ddnet/ddnet/blob/a853d333ac9e61ebfa2899b4641f8b0658ba60d5/data/shader/text.vert,upstream ships no author list for this directory (see docs/UPSTREAM_AUDIT.md §3),block-release
data/shader/tile.frag,a492daae9635295f93748189af298dcf5e090490787af1be12d76f1c44e4d4e7,text/x-glsl,DDNet contributors (no individual author named upstream),Copyright DDNet contributors (no individual author named upstream),CC-BY-SA-3.0,https://github.com/ddnet/ddnet/blob/a853d333ac9e61ebfa2899b4641f8b0658ba60d5/data/shader/tile.frag,upstream ships no author list for this directory (see docs/UPSTREAM_AUDIT.md §3),block-release
data/shader/tile.vert,9ef41b60a417f5af32011e0b3f3960af80685389d27299cdeafba3c9ec952e82,text/x-glsl,DDNet contributors (no individual author named upstream),Copyright DDNet contributors (no individual author named upstream),CC-BY-SA-3.0,https://github.com/ddnet/ddnet/blob/a853d333ac9e61ebfa2899b4641f8b0658ba60d5/data/shader/tile.vert,upstream ships no author list for this directory (see docs/UPSTREAM_AUDIT.md §3),block-release
data/shader/tile_border.frag,b23a35aeca03555a04a6462d138e9dc452d761cbabb7cee4b3a08ad0f32c9740,text/x-glsl,DDNet contributors (no individual author named upstream),Copyright DDNet contributors (no individual author named upstream),CC-BY-SA-3.0,https://github.com/ddnet/ddnet/blob/a853d333ac9e61ebfa2899b4641f8b0658ba60d5/data/shader/tile_border.frag,upstream ships no author list for this directory (see docs/UPSTREAM_AUDIT.md §3),block-release
data/shader/tile_border.vert,e3794a37f7146a9bdae49f43f04a336820a40b665743f935b0ff33afe25fe198,text/x-glsl,DDNet contributors (no individual author named upstream),Copyright DDNet contributors (no individual author named upstream),CC-BY-SA-3.0,https://github.com/ddnet/ddnet/blob/a853d333ac9e61ebfa2899b4641f8b0658ba60d5/data/shader/tile_border.vert,upstream ships no author list for this directory (see docs/UPSTREAM_AUDIT.md §3),block-release
data/shader/vulkan/prim.frag,8ecdb8e1ef4bcfbd34cf3fbbf7de4245b9babb3ff3caad061e16b3daed96e958,text/x-glsl,DDNet contributors (no individual author named upstream),Copyright DDNet contributors (no individual author named upstream),CC-BY-SA-3.0,https://github.com/ddnet/ddnet/blob/a853d333ac9e61ebfa2899b4641f8b0658ba60d5/data/shader/vulkan/prim.frag,upstream ships no author list for this directory (see docs/UPSTREAM_AUDIT.md §3),block-release
data/shader/vulkan/prim.vert,364cae6bff83674b137eac7790a9705c61d5688e34d04213bdf02af6c8cf5834,text/x-glsl,DDNet contributors (no individual author named upstream),Copyright DDNet contributors (no individual author named upstream),CC-BY-SA-3.0,https://github.com/ddnet/ddnet/blob/a853d333ac9e61ebfa2899b4641f8b0658ba60d5/data/shader/vulkan/prim.vert,upstream ships no author list for this directory (see docs/UPSTREAM_AUDIT.md §3),block-release
data/shader/vulkan/prim3d.frag,a774df2729a11f8e09b2bf6f89519cc3e67e3e0675012b34e0d05648e61e0f8c,text/x-glsl,DDNet contributors (no individual author named upstream),Copyright DDNet contributors (no individual author named upstream),CC-BY-SA-3.0,https://github.com/ddnet/ddnet/blob/a853d333ac9e61ebfa2899b4641f8b0658ba60d5/data/shader/vulkan/prim3d.frag,upstream ships no author list for this directory (see docs/UPSTREAM_AUDIT.md §3),block-release
data/shader/vulkan/prim3d.vert,df8b1e68506f82e40a7dd05450999fee028b441640078fdebde6d4519afcea2c,text/x-glsl,DDNet contributors (no individual author named upstream),Copyright DDNet contributors (no individual author named upstream),CC-BY-SA-3.0,https://github.com/ddnet/ddnet/blob/a853d333ac9e61ebfa2899b4641f8b0658ba60d5/data/shader/vulkan/prim3d.vert,upstream ships no author list for this directory (see docs/UPSTREAM_AUDIT.md §3),block-release
data/shader/vulkan/primex.frag,06526b4db19692d5a44e3aa0f1c5806e81c056060edc0f5c57a8081bb1530765,text/x-glsl,DDNet contributors (no individual author named upstream),Copyright DDNet contributors (no individual author named upstream),CC-BY-SA-3.0,https://github.com/ddnet/ddnet/blob/a853d333ac9e61ebfa2899b4641f8b0658ba60d5/data/shader/vulkan/primex.frag,upstream ships no author list for this directory (see docs/UPSTREAM_AUDIT.md §3),block-release
data/shader/vulkan/primex.vert,c3aa7dd954be33650fe36d574038e384f4d3144a3a857228d9d6ad404c642ba0,text/x-glsl,DDNet contributors (no individual author named upstream),Copyright DDNet contributors (no individual author named upstream),CC-BY-SA-3.0,https://github.com/ddnet/ddnet/blob/a853d333ac9e61ebfa2899b4641f8b0658ba60d5/data/shader/vulkan/primex.vert,upstream ships no author list for this directory (see docs/UPSTREAM_AUDIT.md §3),block-release
data/shader/vulkan/quad.frag,23e53387791b2dfd314964b82f32525d5c788250aaca57baba0da6fa6369d148,text/x-glsl,DDNet contributors (no individual author named upstream),Copyright DDNet contributors (no individual author named upstream),CC-BY-SA-3.0,https://github.com/ddnet/ddnet/blob/a853d333ac9e61ebfa2899b4641f8b0658ba60d5/data/shader/vulkan/quad.frag,upstream ships no author list for this directory (see docs/UPSTREAM_AUDIT.md §3),block-release
data/shader/vulkan/quad.vert,13cc3171c834b3cdb8cfd2121e2584eaa1e9d7d3bd9881d9a7b65595d94bb9ec,text/x-glsl,DDNet contributors (no individual author named upstream),Copyright DDNet contributors (no individual author named upstream),CC-BY-SA-3.0,https://github.com/ddnet/ddnet/blob/a853d333ac9e61ebfa2899b4641f8b0658ba60d5/data/shader/vulkan/quad.vert,upstream ships no author list for this directory (see docs/UPSTREAM_AUDIT.md §3),block-release
data/shader/vulkan/spritemulti.frag,3f9afaa36d300e93cc371b2223dadd6b76898e836d48220eb310b12ea3e2a1af,text/x-glsl,DDNet contributors (no individual author named upstream),Copyright DDNet contributors (no individual author named upstream),CC-BY-SA-3.0,https://github.com/ddnet/ddnet/blob/a853d333ac9e61ebfa2899b4641f8b0658ba60d5/data/shader/vulkan/spritemulti.frag,upstream ships no author list for this directory (see docs/UPSTREAM_AUDIT.md §3),block-release
data/shader/vulkan/spritemulti.vert,60675c1faeb34719fc9c2fa6f2de806d778fa17d024106930b4d1811580ab275,text/x-glsl,DDNet contributors (no individual author named upstream),Copyright DDNet contributors (no individual author named upstream),CC-BY-SA-3.0,https://github.com/ddnet/ddnet/blob/a853d333ac9e61ebfa2899b4641f8b0658ba60d5/data/shader/vulkan/spritemulti.vert,upstream ships no author list for this directory (see docs/UPSTREAM_AUDIT.md §3),block-release
data/shader/vulkan/text.frag,82aadd3fe3100155f756b88743b2c9412a9c9700863f14f68779a395d301d1af,text/x-glsl,DDNet contributors (no individual author named upstream),Copyright DDNet contributors (no individual author named upstream),CC-BY-SA-3.0,https://github.com/ddnet/ddnet/blob/a853d333ac9e61ebfa2899b4641f8b0658ba60d5/data/shader/vulkan/text.frag,upstream ships no author list for this directory (see docs/UPSTREAM_AUDIT.md §3),block-release
data/shader/vulkan/text.vert,ac6e3b5d41a3da69b6f421515f6edf9d425d6058882ff4172d839d58211362ef,text/x-glsl,DDNet contributors (no individual author named upstream),Copyright DDNet contributors (no individual author named upstream),CC-BY-SA-3.0,https://github.com/ddnet/ddnet/blob/a853d333ac9e61ebfa2899b4641f8b0658ba60d5/data/shader/vulkan/text.vert,upstream ships no author list for this directory (see docs/UPSTREAM_AUDIT.md §3),block-release
data/shader/vulkan/tile.frag,d801507ad4481cc113c05703c70925cb40ea7c9e45ac6027b75221d64a68ceb1,text/x-glsl,DDNet contributors (no individual author named upstream),Copyright DDNet contributors (no individual author named upstream),CC-BY-SA-3.0,https://github.com/ddnet/ddnet/blob/a853d333ac9e61ebfa2899b4641f8b0658ba60d5/data/shader/vulkan/tile.frag,upstream ships no author list for this directory (see docs/UPSTREAM_AUDIT.md §3),block-release
data/shader/vulkan/tile.vert,aab1c562774d46a4c12d9ff52c6f2d5f269e52483e0cc32a71d39462e3537574,text/x-glsl,DDNet contributors (no individual author named upstream),Copyright DDNet contributors (no individual author named upstream),CC-BY-SA-3.0,https://github.com/ddnet/ddnet/blob/a853d333ac9e61ebfa2899b4641f8b0658ba60d5/data/shader/vulkan/tile.vert,upstream ships no author list for this directory (see docs/UPSTREAM_AUDIT.md §3),block-release
data/shader/vulkan/tile_border.frag,d4c2a71308d7d0c345231efb90778fee7a749715cfa83557cf643060669dfe3c,text/x-glsl,DDNet contributors (no individual author named upstream),Copyright DDNet contributors (no individual author named upstream),CC-BY-SA-3.0,https://github.com/ddnet/ddnet/blob/a853d333ac9e61ebfa2899b4641f8b0658ba60d5/data/shader/vulkan/tile_border.frag,upstream ships no author list for this directory (see docs/UPSTREAM_AUDIT.md §3),block-release
data/shader/vulkan/tile_border.vert,79227dec6752e7a31c4e8d1a535511ba18e5f6c00b3018ba6e4bc93a80b84f15,text/x-glsl,DDNet contributors (no individual author named upstream),Copyright DDNet contributors (no individual author named upstream),CC-BY-SA-3.0,https://github.com/ddnet/ddnet/blob/a853d333ac9e61ebfa2899b4641f8b0658ba60d5/data/shader/vulkan/tile_border.vert,upstream ships no author list for this directory (see docs/UPSTREAM_AUDIT.md §3),block-release
data/skins/PaladiN.png,1b61c996223c5617153bd4a93889741f6f4957b480f9165a4e6cf2d8a79b1de1,image/png,The Neon Relay Authors,(c) 2026 The Neon Relay Authors,Zlib,https://github.com/Leo88q/neon-relay (generated by scripts/build_neon_skins.py / build_neon_skins_all.py),"original Neon Relay skin artwork, created for this project (BL-15)",ship
data/skins/antiantey.png,d94f0720e127262447eec3a9483a3a9c503089dae8bd57e9602704b5d2b3d766,image/png,The Neon Relay Authors,(c) 2026 The Neon Relay Authors,Zlib,https://github.com/Leo88q/neon-relay (generated by scripts/build_neon_skins.py / build_neon_skins_all.py),"original Neon Relay skin artwork, created for this project (BL-15)",ship
data/skins/aurora.png,6de0ce36d67cba23768732f2697348ddc50c00c609389725ec3d87614e32ae30,image/png,The Neon Relay Authors,(c) 2026 The Neon Relay Authors,Zlib,https://github.com/Leo88q/neon-relay (generated by scripts/build_neon_skins.py / build_neon_skins_all.py),"original Neon Relay skin artwork, created for this project (BL-15)",ship
data/skins/beast.png,47545bb37ae5ecf13a60665424c58d135f6757204e71a790db2c0284709f613f,image/png,The Neon Relay Authors,(c) 2026 The Neon Relay Authors,Zlib,https://github.com/Leo88q/neon-relay (generated by scripts/build_neon_skins.py / build_neon_skins_all.py),"original Neon Relay skin artwork, created for this project (BL-15)",ship
data/skins/blacktee.png,c19277fdd98f855ec170ace4394ff197f07840019e23213766cdb49bb0952833,image/png,The Neon Relay Authors,(c) 2026 The Neon Relay Authors,Zlib,https://github.com/Leo88q/neon-relay (generated by scripts/build_neon_skins.py / build_neon_skins_all.py),"original Neon Relay skin artwork, created for this project (BL-15)",ship
data/skins/bluekitty.png,ea62e7f9a2c0c6128f5184cde7d5592cc450ee17ebbeeb1d05324b3cfbe2e028,image/png,The Neon Relay Authors,(c) 2026 The Neon Relay Authors,Zlib,https://github.com/Leo88q/neon-relay (generated by scripts/build_neon_skins.py / build_neon_skins_all.py),"original Neon Relay skin artwork, created for this project (BL-15)",ship
data/skins/bluestripe.png,edb74fe77591e9e687c584e470446a6cd397dd78c434693727d89a4d64ca3641,image/png,The Neon Relay Authors,(c) 2026 The Neon Relay Authors,Zlib,https://github.com/Leo88q/neon-relay (generated by scripts/build_neon_skins.py / build_neon_skins_all.py),"original Neon Relay skin artwork, created for this project (BL-15)",ship
data/skins/bomb.png,025cb2cd66b6493b8679f33e029d8de8102e5a4c13a1230c4259b8fc12a50e58,image/png,The Neon Relay Authors,(c) 2026 The Neon Relay Authors,Zlib,https://github.com/Leo88q/neon-relay (generated by scripts/build_neon_skins.py / build_neon_skins_all.py),"original Neon Relay skin artwork, created for this project (BL-15)",ship
data/skins/brownbear.png,52c0764d8fdbcf31420ae46e309186631441219c0274a1848d827b72af9ff125,image/png,The Neon Relay Authors,(c) 2026 The Neon Relay Authors,Zlib,https://github.com/Leo88q/neon-relay (generated by scripts/build_neon_skins.py / build_neon_skins_all.py),"original Neon Relay skin artwork, created for this project (BL-15)",ship
data/skins/cammo.png,f88e7d69ca27f14e532ef1307b9fd22f350967905622ebe95782daea3c0b672a,image/png,The Neon Relay Authors,(c) 2026 The Neon Relay Authors,Zlib,https://github.com/Leo88q/neon-relay (generated by scripts/build_neon_skins.py / build_neon_skins_all.py),"original Neon Relay skin artwork, created for this project (BL-15)",ship
data/skins/cammostripes.png,57c907e4417f2ab1d8ea78d7690be542055289cb259e4483556b109132d12aba,image/png,The Neon Relay Authors,(c) 2026 The Neon Relay Authors,Zlib,https://github.com/Leo88q/neon-relay (generated by scripts/build_neon_skins.py / build_neon_skins_all.py),"original Neon Relay skin artwork, created for this project (BL-15)",ship
data/skins/chinese_by_whis.png,d0dda82c2895e5b7c6219b056a65e2fdbe6c97d4e94817afae4e7e42dff7cb06,image/png,The Neon Relay Authors,(c) 2026 The Neon Relay Authors,Zlib,https://github.com/Leo88q/neon-relay (generated by scripts/build_neon_skins.py / build_neon_skins_all.py),"original Neon Relay skin artwork, created for this project (BL-15)",ship
data/skins/circuit.png,5aa489d1d6dcdba379c78712f8fff7283be248c8b70802d415aa0c021fce3578,image/png,The Neon Relay Authors,(c) 2026 The Neon Relay Authors,Zlib,https://github.com/Leo88q/neon-relay (generated by scripts/build_neon_skins.py / build_neon_skins_all.py),"original Neon Relay skin artwork, created for this project (BL-15)",ship
data/skins/coala.png,b8838a4c9fe8ca0a7503a3d0035dbd40f1d25ac48a86bdef5dd0ffe9a9bba0a5,image/png,The Neon Relay Authors,(c) 2026 The Neon Relay Authors,Zlib,https://github.com/Leo88q/neon-relay (generated by scripts/build_neon_skins.py / build_neon_skins_all.py),"original Neon Relay skin artwork, created for this project (BL-15)",ship
data/skins/coala_bluekitty.png,3e7e0b9c349a9ce5bd3db85deb7d8d5210076b37298595d4e8fef57ba9ea845a,image/png,The Neon Relay Authors,(c) 2026 The Neon Relay Authors,Zlib,https://github.com/Leo88q/neon-relay (generated by scripts/build_neon_skins.py / build_neon_skins_all.py),"original Neon Relay skin artwork, created for this project (BL-15)",ship
data/skins/coala_bluestripe.png,49d219e4b1bd2b80a42279219bd5fdb49b473703b67a20d4c7355a98d9dca431,image/png,The Neon Relay Authors,(c) 2026 The Neon Relay Authors,Zlib,https://github.com/Leo88q/neon-relay (generated by scripts/build_neon_skins.py / build_neon_skins_all.py),"original Neon Relay skin artwork, created for this project (BL-15)",ship
data/skins/coala_cammo.png,ecf42dc44b507acdb50ce3360f9014307e59557667184d785b1acea485ee6ff6,image/png,The Neon Relay Authors,(c) 2026 The Neon Relay Authors,Zlib,https://github.com/Leo88q/neon-relay (generated by scripts/build_neon_skins.py / build_neon_skins_all.py),"original Neon Relay skin artwork, created for this project (BL-15)",ship
data/skins/coala_cammostripes.png,a3804055aa7d5c9849429975fb8d77d865656ce24e430feb498a8440d93a85b9,image/png,The Neon Relay Authors,(c) 2026 The Neon Relay Authors,Zlib,https://github.com/Leo88q/neon-relay (generated by scripts/build_neon_skins.py / build_neon_skins_all.py),"original Neon Relay skin artwork, created for this project (BL-15)",ship
data/skins/coala_default.png,b4314b6a647bc93d9a33360e96693b9f2d86c0e6994404677d355d533c867860,image/png,The Neon Relay Authors,(c) 2026 The Neon Relay Authors,Zlib,https://github.com/Leo88q/neon-relay (generated by scripts/build_neon_skins.py / build_neon_skins_all.py),"original Neon Relay skin artwork, created for this project (BL-15)",ship
data/skins/coala_limekitty.png,a0ea774b17904f36aecb4e801eb0f763d37a95aa5b100323960a2d005927866f,image/png,The Neon Relay Authors,(c) 2026 The Neon Relay Authors,Zlib,https://github.com/Leo88q/neon-relay (generated by scripts/build_neon_skins.py / build_neon_skins_all.py),"original Neon Relay skin artwork, created for this project (BL-15)",ship
data/skins/coala_pinky.png,58a1d6111ae0aa974762ef335c6727b6e1d8c5382c1702b4ce19ae14223f5817,image/png,The Neon Relay Authors,(c) 2026 The Neon Relay Authors,Zlib,https://github.com/Leo88q/neon-relay (generated by scripts/build_neon_skins.py / build_neon_skins_all.py),"original Neon Relay skin artwork, created for this project (BL-15)",ship
data/skins/coala_redbopp.png,4717a19e0e6b11404eb1668a6e022831851a703f41e84f3826fabe255495a134,image/png,The Neon Relay Authors,(c) 2026 The Neon Relay Authors,Zlib,https://github.com/Leo88q/neon-relay (generated by scripts/build_neon_skins.py / build_neon_skins_all.py),"original Neon Relay skin artwork, created for this project (BL-15)",ship
data/skins/coala_redstripe.png,76fcf3a606d7ac7827d87e0845af355df572ac4765c6f054a89708bc2f44fd3c,image/png,The Neon Relay Authors,(c) 2026 The Neon Relay Authors,Zlib,https://github.com/Leo88q/neon-relay (generated by scripts/build_neon_skins.py / build_neon_skins_all.py),"original Neon Relay skin artwork, created for this project (BL-15)",ship
data/skins/coala_saddo.png,1480f764b311613534311293ef713a099a581d25820dd4f4f1706479a0a34c70,image/png,The Neon Relay Authors,(c) 2026 The Neon Relay Authors,Zlib,https://github.com/Leo88q/neon-relay (generated by scripts/build_neon_skins.py / build_neon_skins_all.py),"original Neon Relay skin artwork, created for this project (BL-15)",ship
data/skins/coala_toptri.png,1d0ede318f5dff611401ea635cbd2a737f510eca67a845e841a6c985e0370dc2,image/png,The Neon Relay Authors,(c) 2026 The Neon Relay Authors,Zlib,https://github.com/Leo88q/neon-relay (generated by scripts/build_neon_skins.py / build_neon_skins_all.py),"original Neon Relay skin artwork, created for this project (BL-15)",ship
data/skins/coala_twinbop.png,2ec288026f3e234377e84b6e8c40a4051fcda1a8643da9b425073530a66df09b,image/png,The Neon Relay Authors,(c) 2026 The Neon Relay Authors,Zlib,https://github.com/Leo88q/neon-relay (generated by scripts/build_neon_skins.py / build_neon_skins_all.py),"original Neon Relay skin artwork, created for this project (BL-15)",ship
data/skins/coala_twintri.png,313ab7a5d28de424020304586418b70afc56e73199ed941c299ee5f6b844aed4,image/png,The Neon Relay Authors,(c) 2026 The Neon Relay Authors,Zlib,https://github.com/Leo88q/neon-relay (generated by scripts/build_neon_skins.py / build_neon_skins_all.py),"original Neon Relay skin artwork, created for this project (BL-15)",ship
data/skins/coala_warpaint.png,84c2eac5b4e10be106838f0e1435b2347d2d18d11d7eafe411c1519e8800740e,image/png,The Neon Relay Authors,(c) 2026 The Neon Relay Authors,Zlib,https://github.com/Leo88q/neon-relay (generated by scripts/build_neon_skins.py / build_neon_skins_all.py),"original Neon Relay skin artwork, created for this project (BL-15)",ship
data/skins/coala_x_ninja.png,0a71af5ab5ce16d983721bb1b28d9aeaa9e8d4f99ed4b2f02aa3e39600abae13,image/png,The Neon Relay Authors,(c) 2026 The Neon Relay Authors,Zlib,https://github.com/Leo88q/neon-relay (generated by scripts/build_neon_skins.py / build_neon_skins_all.py),"original Neon Relay skin artwork, created for this project (BL-15)",ship
data/skins/default.png,5d2026350f749809d6885b2cccfc0159e3d7b6a3aa37b28e61012ae7bd0d74be,image/png,The Neon Relay Authors,(c) 2026 The Neon Relay Authors,Zlib,https://github.com/Leo88q/neon-relay (generated by scripts/build_neon_skins.py / build_neon_skins_all.py),"original Neon Relay skin artwork, created for this project (BL-15)",ship
data/skins/demonlimekitty.png,095880dcc1dc21db129d66c9f37cac28fc70f95b63594e4f539d64286d254f5b,image/png,The Neon Relay Authors,(c) 2026 The Neon Relay Authors,Zlib,https://github.com/Leo88q/neon-relay (generated by scripts/build_neon_skins.py / build_neon_skins_all.py),"original Neon Relay skin artwork, created for this project (BL-15)",ship
data/skins/dino.png,4990587adcfeaefc571e0027033737641e2da349f46a383ac7fdbb965d54ccdd,image/png,The Neon Relay Authors,(c) 2026 The Neon Relay Authors,Zlib,https://github.com/Leo88q/neon-relay (generated by scripts/build_neon_skins.py / build_neon_skins_all.py),"original Neon Relay skin artwork, created for this project (BL-15)",ship
data/skins/dragon.png,b26def7e369dd9fd0662f856a7094d1a962e5744a1933dd3aaa66c4e5051684c,image/png,The Neon Relay Authors,(c) 2026 The Neon Relay Authors,Zlib,https://github.com/Leo88q/neon-relay (generated by scripts/build_neon_skins.py / build_neon_skins_all.py),"original Neon Relay skin artwork, created for this project (BL-15)",ship
data/skins/evil.png,d1b5a3767047e1d20d9fe18c4906a642769ffbb3ae393319108e2e9bc6a7d0cf,image/png,The Neon Relay Authors,(c) 2026 The Neon Relay Authors,Zlib,https://github.com/Leo88q/neon-relay (generated by scripts/build_neon_skins.py / build_neon_skins_all.py),"original Neon Relay skin artwork, created for this project (BL-15)",ship
data/skins/evilwolfe.png,5d008843d2d70be0b2a27f48686411f730b1108a04c9447d663e0a393b4e13f3,image/png,The Neon Relay Authors,(c) 2026 The Neon Relay Authors,Zlib,https://github.com/Leo88q/neon-relay (generated by scripts/build_neon_skins.py / build_neon_skins_all.py),"original Neon Relay skin artwork, created for this project (BL-15)",ship
data/skins/ghost.png,81f3edc30956c4a2c5341395b36551e2cc3794e36a36cd1f7f8ec028c1c422b2,image/png,The Neon Relay Authors,(c) 2026 The Neon Relay Authors,Zlib,https://github.com/Leo88q/neon-relay (generated by scripts/build_neon_skins.py / build_neon_skins_all.py),"original Neon Relay skin artwork, created for this project (BL-15)",ship
data/skins/ghostjtj.png,1fa07f17447ea326be2d5c6ac054b672b8afd1915aee395419bc56e8550842cd,image/png,The Neon Relay Authors,(c) 2026 The Neon Relay Authors,Zlib,https://github.com/Leo88q/neon-relay (generated by scripts/build_neon_skins.py / build_neon_skins_all.py),"original Neon Relay skin artwork, created for this project (BL-15)",ship
data/skins/giraffe.png,4778bc5ca79e6303f4545c42a45fd6d724a78254a8e359b8e7b5cfb484becedf,image/png,The Neon Relay Authors,(c) 2026 The Neon Relay Authors,Zlib,https://github.com/Leo88q/neon-relay (generated by scripts/build_neon_skins.py / build_neon_skins_all.py),"original Neon Relay skin artwork, created for this project (BL-15)",ship
data/skins/glitch.png,1f57e65b01a533f5eae1fa02fac60b73c5639e5fdbcbce8dd80016e9bec9f39d,image/png,The Neon Relay Authors,(c) 2026 The Neon Relay Authors,Zlib,https://github.com/Leo88q/neon-relay (generated by scripts/build_neon_skins.py / build_neon_skins_all.py),"original Neon Relay skin artwork, created for this project (BL-15)",ship
data/skins/greensward.png,63438dd55a25a95f80be7586db1e45e5ff90211fca39ee2ebe0985ffdf57cdfd,image/png,The Neon Relay Authors,(c) 2026 The Neon Relay Authors,Zlib,https://github.com/Leo88q/neon-relay (generated by scripts/build_neon_skins.py / build_neon_skins_all.py),"original Neon Relay skin artwork, created for this project (BL-15)",ship
data/skins/greyfox.png,bb15258b66db4f1a3ad08a2e91a8722b2cdd96cbe0f8baf6b6ae9f8858287cb9,image/png,The Neon Relay Authors,(c) 2026 The Neon Relay Authors,Zlib,https://github.com/Leo88q/neon-relay (generated by scripts/build_neon_skins.py / build_neon_skins_all.py),"original Neon Relay skin artwork, created for this project (BL-15)",ship
data/skins/greyfox_2.png,9716790241068abe7084572324ae1b7ebfc9668176de13d85e720e4b05697952,image/png,The Neon Relay Authors,(c) 2026 The Neon Relay Authors,Zlib,https://github.com/Leo88q/neon-relay (generated by scripts/build_neon_skins.py / build_neon_skins_all.py),"original Neon Relay skin artwork, created for this project (BL-15)",ship
data/skins/hammie-chew.png,b0b05c3ac502f40c0622298ae249be95d98916ec8c99647f59a9f435ec100362,image/png,The Neon Relay Authors,(c) 2026 The Neon Relay Authors,Zlib,https://github.com/Leo88q/neon-relay (generated by scripts/build_neon_skins.py / build_neon_skins_all.py),"original Neon Relay skin artwork, created for this project (BL-15)",ship
data/skins/hammie-whis.png,2ad840cfe3cc72ba773a26a8ff0e587cbddc8da874e1dbe9cfb9dcb0677dfaa1,image/png,The Neon Relay Authors,(c) 2026 The Neon Relay Authors,Zlib,https://github.com/Leo88q/neon-relay (generated by scripts/build_neon_skins.py / build_neon_skins_all.py),"original Neon Relay skin artwork, created for this project (BL-15)",ship
data/skins/jeet.png,2dc4724dea95fb66fe07a965863c976ad511074db6f89d4adbf16c4585d5c900,image/png,The Neon Relay Authors,(c) 2026 The Neon Relay Authors,Zlib,https://github.com/Leo88q/neon-relay (generated by scripts/build_neon_skins.py / build_neon_skins_all.py),"original Neon Relay skin artwork, created for this project (BL-15)",ship
data/skins/kintaro_2.png,87243e17766e8f5e9796a37d15fa03b011bc17b2ebe2ce03c7a1ddb216ae6865,image/png,The Neon Relay Authors,(c) 2026 The Neon Relay Authors,Zlib,https://github.com/Leo88q/neon-relay (generated by scripts/build_neon_skins.py / build_neon_skins_all.py),"original Neon Relay skin artwork, created for this project (BL-15)",ship
data/skins/kitty_bluestripe.png,6e5f6012a30de7a2188e3641cc77a0afcda8c751500fdfaef1bb67020a792ab2,image/png,The Neon Relay Authors,(c) 2026 The Neon Relay Authors,Zlib,https://github.com/Leo88q/neon-relay (generated by scripts/build_neon_skins.py / build_neon_skins_all.py),"original Neon Relay skin artwork, created for this project (BL-15)",ship
data/skins/kitty_brownbear.png,ce9ae9bae1facf65301aec3ca42846fbc816dd6cc1674ab178114db76fb05a43,image/png,The Neon Relay Authors,(c) 2026 The Neon Relay Authors,Zlib,https://github.com/Leo88q/neon-relay (generated by scripts/build_neon_skins.py / build_neon_skins_all.py),"original Neon Relay skin artwork, created for this project (BL-15)",ship
data/skins/kitty_cammo.png,25e5fdf876510361ccfb1bdf9e22f14ac5905e586f18058859451ae8c12f6de6,image/png,The Neon Relay Authors,(c) 2026 The Neon Relay Authors,Zlib,https://github.com/Leo88q/neon-relay (generated by scripts/build_neon_skins.py / build_neon_skins_all.py),"original Neon Relay skin artwork, created for this project (BL-15)",ship
data/skins/kitty_cammostripes.png,6c449d6253842825533ef66337f5ace6b128b516778fd6d098006c7208052659,image/png,The Neon Relay Authors,(c) 2026 The Neon Relay Authors,Zlib,https://github.com/Leo88q/neon-relay (generated by scripts/build_neon_skins.py / build_neon_skins_all.py),"original Neon Relay skin artwork, created for this project (BL-15)",ship
data/skins/kitty_coala.png,580c583aeeb99608af1a940012145f2d5ae208d09d07d9a4f4e17e9425e68e1c,image/png,The Neon Relay Authors,(c) 2026 The Neon Relay Authors,Zlib,https://github.com/Leo88q/neon-relay (generated by scripts/build_neon_skins.py / build_neon_skins_all.py),"original Neon Relay skin artwork, created for this project (BL-15)",ship
data/skins/kitty_default.png,510ff4287e71c21e7aa80f68b1c498d7d43791699e90f23d1ce79bc60786a508,image/png,The Neon Relay Authors,(c) 2026 The Neon Relay Authors,Zlib,https://github.com/Leo88q/neon-relay (generated by scripts/build_neon_skins.py / build_neon_skins_all.py),"original Neon Relay skin artwork, created for this project (BL-15)",ship
data/skins/kitty_pinky.png,8b3ad24b7b3f1e5de6ada07721de81e4e826af687774c39a65d56b5a5d6edfa5,image/png,The Neon Relay Authors,(c) 2026 The Neon Relay Authors,Zlib,https://github.com/Leo88q/neon-relay (generated by scripts/build_neon_skins.py / build_neon_skins_all.py),"original Neon Relay skin artwork, created for this project (BL-15)",ship
data/skins/kitty_redbopp.png,0c047167834ff1b7d75eae6164d112f75624e3d6a31ea49262ebb0f45d52eac6,image/png,The Neon Relay Authors,(c) 2026 The Neon Relay Authors,Zlib,https://github.com/Leo88q/neon-relay (generated by scripts/build_neon_skins.py / build_neon_skins_all.py),"original Neon Relay skin artwork, created for this project (BL-15)",ship
data/skins/kitty_redstripe.png,984e45798059f8b4ec7b877c1845e56842ad2a6cce2256f81e9332f0af80596c,image/png,The Neon Relay Authors,(c) 2026 The Neon Relay Authors,Zlib,https://github.com/Leo88q/neon-relay (generated by scripts/build_neon_skins.py / build_neon_skins_all.py),"original Neon Relay skin artwork, created for this project (BL-15)",ship
data/skins/kitty_saddo.png,d3ceddc116192c77e357821ba18ebb91d71af0fcb60c772092927e60ef7707af,image/png,The Neon Relay Authors,(c) 2026 The Neon Relay Authors,Zlib,https://github.com/Leo88q/neon-relay (generated by scripts/build_neon_skins.py / build_neon_skins_all.py),"original Neon Relay skin artwork, created for this project (BL-15)",ship
data/skins/kitty_toptri.png,5cb34ceb792d6018cda7a83340705f15d4bd336d01759df75de3357daf24f611,image/png,The Neon Relay Authors,(c) 2026 The Neon Relay Authors,Zlib,https://github.com/Leo88q/neon-relay (generated by scripts/build_neon_skins.py / build_neon_skins_all.py),"original Neon Relay skin artwork, created for this project (BL-15)",ship
data/skins/kitty_twinbop.png,02ff1550a7c102e3e89368aa42c3e9d0a9794e46403fb355a11682619b1f1fb3,image/png,The Neon Relay Authors,(c) 2026 The Neon Relay Authors,Zlib,https://github.com/Leo88q/neon-relay (generated by scripts/build_neon_skins.py / build_neon_skins_all.py),"original Neon Relay skin artwork, created for this project (BL-15)",ship
data/skins/kitty_twintri.png,a12abea3d4086497e866cb94649d3e6d5adb321a1516d92f5b78c5d4fd598483,image/png,The Neon Relay Authors,(c) 2026 The Neon Relay Authors,Zlib,https://github.com/Leo88q/neon-relay (generated by scripts/build_neon_skins.py / build_neon_skins_all.py),"original Neon Relay skin artwork, created for this project (BL-15)",ship
data/skins/kitty_warpaint.png,1a023cc3267b15d3d3b782136f3e022779ff7dc501b4300976ad8066cec9e381,image/png,The Neon Relay Authors,(c) 2026 The Neon Relay Authors,Zlib,https://github.com/Leo88q/neon-relay (generated by scripts/build_neon_skins.py / build_neon_skins_all.py),"original Neon Relay skin artwork, created for this project (BL-15)",ship
data/skins/kitty_x_ninja.png,006034b766cde7d35959fbd33f6900322a8141eedd9ef7f1d70dbbfd5dc9d180,image/png,The Neon Relay Authors,(c) 2026 The Neon Relay Authors,Zlib,https://github.com/Leo88q/neon-relay (generated by scripts/build_neon_skins.py / build_neon_skins_all.py),"original Neon Relay skin artwork, created for this project (BL-15)",ship
data/skins/license.txt,ef9a479015dda0c10c50b017f873ca7684b8ff745f93b9b9f27e8812befb527e,text/plain,see file,see file,see file,https://github.com/ddnet/ddnet/blob/a853d333ac9e61ebfa2899b4641f8b0658ba60d5/data/skins/license.txt,third-party license notice shipped with the assets,ship
data/skins/limekitty.png,cbcf9ed0df7a1965419653fc1ed34a469071d619ed7d14fc4aa2fe1fa6cc9d2f,image/png,The Neon Relay Authors,(c) 2026 The Neon Relay Authors,Zlib,https://github.com/Leo88q/neon-relay (generated by scripts/build_neon_skins.py / build_neon_skins_all.py),"original Neon Relay skin artwork, created for this project (BL-15)",ship
data/skins/mermydon-coala.png,596c88bcf0236f606e8780113abf091c1a068de7a1472e29a2bf929cb6fd6bd6,image/png,The Neon Relay Authors,(c) 2026 The Neon Relay Authors,Zlib,https://github.com/Leo88q/neon-relay (generated by scripts/build_neon_skins.py / build_neon_skins_all.py),"original Neon Relay skin artwork, created for this project (BL-15)",ship
data/skins/mermydon.png,b3dd2be15441594862885fc0f79a785c6e3cea4a3c9fa25f4e57c46df970eb1d,image/png,The Neon Relay Authors,(c) 2026 The Neon Relay Authors,Zlib,https://github.com/Leo88q/neon-relay (generated by scripts/build_neon_skins.py / build_neon_skins_all.py),"original Neon Relay skin artwork, created for this project (BL-15)",ship
data/skins/midnight.png,6abb717ecd284bd5a89ecd0650f50477c0f8ccede931a7a43ebb1c01ad2905b2,image/png,The Neon Relay Authors,(c) 2026 The Neon Relay Authors,Zlib,https://github.com/Leo88q/neon-relay (generated by scripts/build_neon_skins.py / build_neon_skins_all.py),"original Neon Relay skin artwork, created for this project (BL-15)",ship
data/skins/mouse.png,dd438f4758b8b620c04fd756d84eed1d0a2e075f0138f3586ad02a3fa95d20e0,image/png,The Neon Relay Authors,(c) 2026 The Neon Relay Authors,Zlib,https://github.com/Leo88q/neon-relay (generated by scripts/build_neon_skins.py / build_neon_skins_all.py),"original Neon Relay skin artwork, created for this project (BL-15)",ship
data/skins/musmann.png,013bed7fe44806cd53e7bbebd34dbf8faa931abdb6d5585a299406c74181c25a,image/png,The Neon Relay Authors,(c) 2026 The Neon Relay Authors,Zlib,https://github.com/Leo88q/neon-relay (generated by scripts/build_neon_skins.py / build_neon_skins_all.py),"original Neon Relay skin artwork, created for this project (BL-15)",ship
data/skins/nanami.png,ad98890e7c5e59e31c67623d34cfcb15f38d258c0055c516f04216f8d8e3513c,image/png,The Neon Relay Authors,(c) 2026 The Neon Relay Authors,Zlib,https://github.com/Leo88q/neon-relay (generated by scripts/build_neon_skins.py / build_neon_skins_all.py),"original Neon Relay skin artwork, created for this project (BL-15)",ship
data/skins/nanas.png,c919e9182973c56c1c6e96cf533e5ea2359a1cbda667af0f515ce3aa9fe1cb17,image/png,The Neon Relay Authors,(c) 2026 The Neon Relay Authors,Zlib,https://github.com/Leo88q/neon-relay (generated by scripts/build_neon_skins.py / build_neon_skins_all.py),"original Neon Relay skin artwork, created for this project (BL-15)",ship
data/skins/neon_cyan.png,653a86413c1403d6b0bc24a38207f624a036db8ef55d181fb977f62bebf6c8ec,image/png,The Neon Relay Authors,(c) 2026 The Neon Relay Authors,Zlib,https://github.com/Leo88q/neon-relay (generated by scripts/build_neon_skins.py / build_neon_skins_all.py),"original Neon Relay skin artwork, created for this project (BL-15)",ship
data/skins/neon_magenta.png,fa673fced85577d3cf7f18d8e2f48c33687df4faf2d54af10d45709376602d59,image/png,The Neon Relay Authors,(c) 2026 The Neon Relay Authors,Zlib,https://github.com/Leo88q/neon-relay (generated by scripts/build_neon_skins.py / build_neon_skins_all.py),"original Neon Relay skin artwork, created for this project (BL-15)",ship
data/skins/nersif.png,9f8a67f12a6586544c63a3b5e431f3e5e1e5cf0c3c87f2c5ea39ef4a421cd04d,image/png,The Neon Relay Authors,(c) 2026 The Neon Relay Authors,Zlib,https://github.com/Leo88q/neon-relay (generated by scripts/build_neon_skins.py / build_neon_skins_all.py),"original Neon Relay skin artwork, created for this project (BL-15)",ship
data/skins/nightdrive.png,ee942522be43b2e2bae30ab1840fa96df95c43b81fb3948d596ca6f1e59a5598,image/png,The Neon Relay Authors,(c) 2026 The Neon Relay Authors,Zlib,https://github.com/Leo88q/neon-relay (generated by scripts/build_neon_skins.py / build_neon_skins_all.py),"original Neon Relay skin artwork, created for this project (BL-15)",ship
data/skins/oldman.png,f455f7f67901244395c40ac41499e384d8051b9cb9d264fa14f63a349d3eea1a,image/png,The Neon Relay Authors,(c) 2026 The Neon Relay Authors,Zlib,https://github.com/Leo88q/neon-relay (generated by scripts/build_neon_skins.py / build_neon_skins_all.py),"original Neon Relay skin artwork, created for this project (BL-15)",ship
data/skins/oldschool.png,90971f33c5f8b8da24563e7c241c2d80951d45e47cdf8094e319db4fc7a435be,image/png,The Neon Relay Authors,(c) 2026 The Neon Relay Authors,Zlib,https://github.com/Leo88q/neon-relay (generated by scripts/build_neon_skins.py / build_neon_skins_all.py),"original Neon Relay skin artwork, created for this project (BL-15)",ship
data/skins/outrun.png,cc9779ab0ae6753ea1336abbb77e2a70bd696c0b22ce46f1868a437a30af942a,image/png,The Neon Relay Authors,(c) 2026 The Neon Relay Authors,Zlib,https://github.com/Leo88q/neon-relay (generated by scripts/build_neon_skins.py / build_neon_skins_all.py),"original Neon Relay skin artwork, created for this project (BL-15)",ship
data/skins/penguin.png,417afda0161e2dcb11087b6174d688e4c33da73f14067f10febd87805767b807,image/png,The Neon Relay Authors,(c) 2026 The Neon Relay Authors,Zlib,https://github.com/Leo88q/neon-relay (generated by scripts/build_neon_skins.py / build_neon_skins_all.py),"original Neon Relay skin artwork, created for this project (BL-15)",ship
data/skins/pinky.png,119a44f01696237c99b65420f5556f60f203017b7481e1d4a1c17c61fae39043,image/png,The Neon Relay Authors,(c) 2026 The Neon Relay Authors,Zlib,https://github.com/Leo88q/neon-relay (generated by scripts/build_neon_skins.py / build_neon_skins_all.py),"original Neon Relay skin artwork, created for this project (BL-15)",ship
data/skins/random.png,683c9b6c91a3d8cbeb40f1eee320913e9c9cc35b347e8487692a721ff603730c,image/png,The Neon Relay Authors,(c) 2026 The Neon Relay Authors,Zlib,https://github.com/Leo88q/neon-relay (generated by scripts/build_neon_skins.py / build_neon_skins_all.py),"original Neon Relay skin artwork, created for this project (BL-15)",ship
data/skins/redbopp.png,ae67524d76f1570346aff5b8ec3661c01427452bff637368a9c24d297c8b454a,image/png,The Neon Relay Authors,(c) 2026 The Neon Relay Authors,Zlib,https://github.com/Leo88q/neon-relay (generated by scripts/build_neon_skins.py / build_neon_skins_all.py),"original Neon Relay skin artwork, created for this project (BL-15)",ship
data/skins/redstripe.png,c312161a9625492ba1d62af65a9fa205e4b1d126b4b7e7eefe7c95e1e91128cd,image/png,The Neon Relay Authors,(c) 2026 The Neon Relay Authors,Zlib,https://github.com/Leo88q/neon-relay (generated by scripts/build_neon_skins.py / build_neon_skins_all.py),"original Neon Relay skin artwork, created for this project (BL-15)",ship
data/skins/saddo.png,0308e070e6ef947e83f855ba69026ce7917a1898439cf29843cb11e575dc1de7,image/png,The Neon Relay Authors,(c) 2026 The Neon Relay Authors,Zlib,https://github.com/Leo88q/neon-relay (generated by scripts/build_neon_skins.py / build_neon_skins_all.py),"original Neon Relay skin artwork, created for this project (BL-15)",ship
data/skins/santa_bluekitty.png,4af47f07671fdfb8c5913e837f125efdbe8c29bcc8feb79c167240ab431c41c9,image/png,The Neon Relay Authors,(c) 2026 The Neon Relay Authors,Zlib,https://github.com/Leo88q/neon-relay (generated by scripts/build_neon_skins.py / build_neon_skins_all.py),"original Neon Relay skin artwork, created for this project (BL-15)",ship
data/skins/santa_bluestripe.png,56160ff055bbfa3a1b856ca79b9c93fa4868d6387efe573b0a4921106546be70,image/png,The Neon Relay Authors,(c) 2026 The Neon Relay Authors,Zlib,https://github.com/Leo88q/neon-relay (generated by scripts/build_neon_skins.py / build_neon_skins_all.py),"original Neon Relay skin artwork, created for this project (BL-15)",ship
data/skins/santa_brownbear.png,45dae9d77367872174b72f4ecd37a57411c9cac505172bd778779bc6ed8422af,image/png,The Neon Relay Authors,(c) 2026 The Neon Relay Authors,Zlib,https://github.com/Leo88q/neon-relay (generated by scripts/build_neon_skins.py / build_neon_skins_all.py),"original Neon Relay skin artwork, created for this project (BL-15)",ship
data/skins/santa_cammo.png,bf4366744f8941545e2903f8cfc407933d13a37eba05021e939596503b155540,image/png,The Neon Relay Authors,(c) 2026 The Neon Relay Authors,Zlib,https://github.com/Leo88q/neon-relay (generated by scripts/build_neon_skins.py / build_neon_skins_all.py),"original Neon Relay skin artwork, created for this project (BL-15)",ship
data/skins/santa_cammostripes.png,e35e95440e0160b043641c4f62be928f6b059aa70372cfb85036f82502ccbe89,image/png,The Neon Relay Authors,(c) 2026 The Neon Relay Authors,Zlib,https://github.com/Leo88q/neon-relay (generated by scripts/build_neon_skins.py / build_neon_skins_all.py),"original Neon Relay skin artwork, created for this project (BL-15)",ship
data/skins/santa_coala.png,f0db67bb8a9af69a13d6ce80d1e23fac7c2c8f0663f6032d732851fd734e2419,image/png,The Neon Relay Authors,(c) 2026 The Neon Relay Authors,Zlib,https://github.com/Leo88q/neon-relay (generated by scripts/build_neon_skins.py / build_neon_skins_all.py),"original Neon Relay skin artwork, created for this project (BL-15)",ship
data/skins/santa_default.png,d518cd635f639fa0848bd04e27be0c6eba211431b931e483e908834703e9a8c9,image/png,The Neon Relay Authors,(c) 2026 The Neon Relay Authors,Zlib,https://github.com/Leo88q/neon-relay (generated by scripts/build_neon_skins.py / build_neon_skins_all.py),"original Neon Relay skin artwork, created for this project (BL-15)",ship
data/skins/santa_limekitty.png,4ccdc4d3b26e1e6f83ec18ac389e99b0bcb5ff4fba7619b1a82e4d082097b484,image/png,The Neon Relay Authors,(c) 2026 The Neon Relay Authors,Zlib,https://github.com/Leo88q/neon-relay (generated by scripts/build_neon_skins.py / build_neon_skins_all.py),"original Neon Relay skin artwork, created for this project (BL-15)",ship
data/skins/santa_pinky.png,37a80e6cdfd0363f70a62b52b1018eae4852aac0f323b0ffae4da31c062d4abc,image/png,The Neon Relay Authors,(c) 2026 The Neon Relay Authors,Zlib,https://github.com/Leo88q/neon-relay (generated by scripts/build_neon_skins.py / build_neon_skins_all.py),"original Neon Relay skin artwork, created for this project (BL-15)",ship
data/skins/santa_redbopp.png,fd952fc8b63b639baae70261b455a5f6ebe9ec69b8bc7f3ad019ede7fb70c06c,image/png,The Neon Relay Authors,(c) 2026 The Neon Relay Authors,Zlib,https://github.com/Leo88q/neon-relay (generated by scripts/build_neon_skins.py / build_neon_skins_all.py),"original Neon Relay skin artwork, created for this project (BL-15)",ship
data/skins/santa_redstripe.png,6500ff863629867caf3445abe432954d82b5d186c8ce8d5d6e4d310e5a2d49fd,image/png,The Neon Relay Authors,(c) 2026 The Neon Relay Authors,Zlib,https://github.com/Leo88q/neon-relay (generated by scripts/build_neon_skins.py / build_neon_skins_all.py),"original Neon Relay skin artwork, created for this project (BL-15)",ship
data/skins/santa_saddo.png,970ce284f23a415fa3ff934981a90082ee766e33e1bb1e689bbaa03e84412997,image/png,The Neon Relay Authors,(c) 2026 The Neon Relay Authors,Zlib,https://github.com/Leo88q/neon-relay (generated by scripts/build_neon_skins.py / build_neon_skins_all.py),"original Neon Relay skin artwork, created for this project (BL-15)",ship
data/skins/santa_toptri.png,330953db886df2a7c7a094a6b1ea2d9f96658fd90beae0e4f354143637f85017,image/png,The Neon Relay Authors,(c) 2026 The Neon Relay Authors,Zlib,https://github.com/Leo88q/neon-relay (generated by scripts/build_neon_skins.py / build_neon_skins_all.py),"original Neon Relay skin artwork, created for this project (BL-15)",ship
data/skins/santa_twinbop.png,8b4bb41d5f45c1c18e4b0efc41a6df16e18653d17eca817c100f5492d2b2281e,image/png,The Neon Relay Authors,(c) 2026 The Neon Relay Authors,Zlib,https://github.com/Leo88q/neon-relay (generated by scripts/build_neon_skins.py / build_neon_skins_all.py),"original Neon Relay skin artwork, created for this project (BL-15)",ship
data/skins/santa_twintri.png,d0892b868496ed7ec00affd5e5616cf56019e1cd148c6f4b3048b8aeb8183ad9,image/png,The Neon Relay Authors,(c) 2026 The Neon Relay Authors,Zlib,https://github.com/Leo88q/neon-relay (generated by scripts/build_neon_skins.py / build_neon_skins_all.py),"original Neon Relay skin artwork, created for this project (BL-15)",ship
data/skins/santa_warpaint.png,730f4a5b5f0fb0773572b0a1e7652a3e81b976a9b198d67792f720eea0ebbea3,image/png,The Neon Relay Authors,(c) 2026 The Neon Relay Authors,Zlib,https://github.com/Leo88q/neon-relay (generated by scripts/build_neon_skins.py / build_neon_skins_all.py),"original Neon Relay skin artwork, created for this project (BL-15)",ship
data/skins/synthwave.png,7613efd1b10fe8d1cbd0b4a8aad5ff60014a2727dd680cf48a36af185efa82c7,image/png,The Neon Relay Authors,(c) 2026 The Neon Relay Authors,Zlib,https://github.com/Leo88q/neon-relay (generated by scripts/build_neon_skins.py / build_neon_skins_all.py),"original Neon Relay skin artwork, created for this project (BL-15)",ship
data/skins/teerasta.png,672e95144b7a4cbe79b547c00a1d24c454e93ba59c349fa48cb7403c15ea5eaf,image/png,The Neon Relay Authors,(c) 2026 The Neon Relay Authors,Zlib,https://github.com/Leo88q/neon-relay (generated by scripts/build_neon_skins.py / build_neon_skins_all.py),"original Neon Relay skin artwork, created for this project (BL-15)",ship
data/skins/toptri.png,e28e2221c9541ea21e613428f7dacff0af5ca3c7aa161ec2c4ce459835f20604,image/png,The Neon Relay Authors,(c) 2026 The Neon Relay Authors,Zlib,https://github.com/Leo88q/neon-relay (generated by scripts/build_neon_skins.py / build_neon_skins_all.py),"original Neon Relay skin artwork, created for this project (BL-15)",ship
data/skins/twinbop.png,05b75951f5cdc4134b2c27bfa05855e707768cb2b8f20edfad2784b32d6444a3,image/png,The Neon Relay Authors,(c) 2026 The Neon Relay Authors,Zlib,https://github.com/Leo88q/neon-relay (generated by scripts/build_neon_skins.py / build_neon_skins_all.py),"original Neon Relay skin artwork, created for this project (BL-15)",ship
data/skins/twintri.png,6a29bad94b398e5a39f998509cedafa1aee099ceeade734e81463e894c07291f,image/png,The Neon Relay Authors,(c) 2026 The Neon Relay Authors,Zlib,https://github.com/Leo88q/neon-relay (generated by scripts/build_neon_skins.py / build_neon_skins_all.py),"original Neon Relay skin artwork, created for this project (BL-15)",ship
data/skins/vaporgrid.png,445480129b94a86bfdaa00dee4922ee6d13cfcb46267d9de29dd0fa6f2780cb2,image/png,The Neon Relay Authors,(c) 2026 The Neon Relay Authors,Zlib,https://github.com/Leo88q/neon-relay (generated by scripts/build_neon_skins.py / build_neon_skins_all.py),"original Neon Relay skin artwork, created for this project (BL-15)",ship
data/skins/veteran.png,02c7e3fa366cece3191dd134fdf68f376a92dc39e9d1fad7c504e6e0fde3feb0,image/png,The Neon Relay Authors,(c) 2026 The Neon Relay Authors,Zlib,https://github.com/Leo88q/neon-relay (generated by scripts/build_neon_skins.py / build_neon_skins_all.py),"original Neon Relay skin artwork, created for this project (BL-15)",ship
data/skins/voodoo_tee.png,b822e7a6ac41f0a5b25399f6b3aa9acd4d75a01847703a2d6dc889e87112f4d7,image/png,The Neon Relay Authors,(c) 2026 The Neon Relay Authors,Zlib,https://github.com/Leo88q/neon-relay (generated by scripts/build_neon_skins.py / build_neon_skins_all.py),"original Neon Relay skin artwork, created for this project (BL-15)",ship
data/skins/warpaint.png,acadcf9b7f43601d4904a4383a3e20b7026c65687c1f5cb79f5533d2c6593f14,image/png,The Neon Relay Authors,(c) 2026 The Neon Relay Authors,Zlib,https://github.com/Leo88q/neon-relay (generated by scripts/build_neon_skins.py / build_neon_skins_all.py),"original Neon Relay skin artwork, created for this project (BL-15)",ship
data/skins/wartee.png,07f8f77058db9b0cdfab21c5be041803b5439e20ceca59f4db4381ce59d48afc,image/png,The Neon Relay Authors,(c) 2026 The Neon Relay Authors,Zlib,https://github.com/Leo88q/neon-relay (generated by scripts/build_neon_skins.py / build_neon_skins_all.py),"original Neon Relay skin artwork, created for this project (BL-15)",ship
data/skins/whis.png,3c7e91d9c50e717e3fb06b8dfc4bf709c2fb10fe015630b917f0c4d6e0018562,image/png,The Neon Relay Authors,(c) 2026 The Neon Relay Authors,Zlib,https://github.com/Leo88q/neon-relay (generated by scripts/build_neon_skins.py / build_neon_skins_all.py),"original Neon Relay skin artwork, created for this project (BL-15)",ship
data/skins/x_ninja.png,83ebc56bf978074660b17ac9d923a9ba16876f16e4e8867085e0d018ced3e20b,image/png,The Neon Relay Authors,(c) 2026 The Neon Relay Authors,Zlib,https://github.com/Leo88q/neon-relay (generated by scripts/build_neon_skins.py / build_neon_skins_all.py),"original Neon Relay skin artwork, created for this project (BL-15)",ship
data/skins/x_spec.png,60f2cd30cb8f3e61da269282576d4ca12b1b24d3256d10f859e2dab02b189147,image/png,The Neon Relay Authors,(c) 2026 The Neon Relay Authors,Zlib,https://github.com/Leo88q/neon-relay (generated by scripts/build_neon_skins.py / build_neon_skins_all.py),"original Neon Relay skin artwork, created for this project (BL-15)",ship
data/skins7/beaver.json,72df667207396f486073fe9cc39c68d8a53873b8cda7ed5ae3f03b655c8e0fab,application/json,The Neon Relay Authors,(c) 2026 The Neon Relay Authors,Zlib,https://github.com/Leo88q/neon-relay (generated by scripts/build_neon_skins.py / build_neon_skins_all.py),"original Neon Relay skin artwork, created for this project (BL-15)",ship
data/skins7/bluekitty.json,fe159a12fee761f12d522048bc3e79436e085b94426671433d9ed4ce64673bcf,application/json,The Neon Relay Authors,(c) 2026 The Neon Relay Authors,Zlib,https://github.com/Leo88q/neon-relay (generated by scripts/build_neon_skins.py / build_neon_skins_all.py),"original Neon Relay skin artwork, created for this project (BL-15)",ship
data/skins7/bluestripe.json,788140ad45fb6a9e03091cc43b643300f4be4e6791d08abb0e667ec1f8f79e77,application/json,The Neon Relay Authors,(c) 2026 The Neon Relay Authors,Zlib,https://github.com/Leo88q/neon-relay (generated by scripts/build_neon_skins.py / build_neon_skins_all.py),"original Neon Relay skin artwork, created for this project (BL-15)",ship
data/skins7/body/bat.png,e8e34d18f0c2ecc25fc5bb8b4fef7f8868388fcfc6b9901a2d5fa4cde43d3da8,image/png,The Neon Relay Authors,(c) 2026 The Neon Relay Authors,Zlib,https://github.com/Leo88q/neon-relay (generated by scripts/build_neon_skins.py / build_neon_skins_all.py),"original Neon Relay skin artwork, created for this project (BL-15)",ship
data/skins7/body/bear.png,30bad7234a44fcf79c00e45939741a6d071d412837a9bf792b1e80406fa6cb31,image/png,The Neon Relay Authors,(c) 2026 The Neon Relay Authors,Zlib,https://github.com/Leo88q/neon-relay (generated by scripts/build_neon_skins.py / build_neon_skins_all.py),"original Neon Relay skin artwork, created for this project (BL-15)",ship
data/skins7/body/beaver.png,eb38f9cc7573ed527ce999f5c9b03adc50041c7446985f53c47563b918e814f5,image/png,The Neon Relay Authors,(c) 2026 The Neon Relay Authors,Zlib,https://github.com/Leo88q/neon-relay (generated by scripts/build_neon_skins.py / build_neon_skins_all.py),"original Neon Relay skin artwork, created for this project (BL-15)",ship
data/skins7/body/dog.png,4c5cb8163b74a5fefceaf3b79c363e356824145b015547a8894b2f0ee0ec7988,image/png,The Neon Relay Authors,(c) 2026 The Neon Relay Authors,Zlib,https://github.com/Leo88q/neon-relay (generated by scripts/build_neon_skins.py / build_neon_skins_all.py),"original Neon Relay skin artwork, created for this project (BL-15)",ship
data/skins7/body/force.png,e8e34d18f0c2ecc25fc5bb8b4fef7f8868388fcfc6b9901a2d5fa4cde43d3da8,image/png,The Neon Relay Authors,(c) 2026 The Neon Relay Authors,Zlib,https://github.com/Leo88q/neon-relay (generated by scripts/build_neon_skins.py / build_neon_skins_all.py),"original Neon Relay skin artwork, created for this project (BL-15)",ship
data/skins7/body/fox.png,eb38f9cc7573ed527ce999f5c9b03adc50041c7446985f53c47563b918e814f5,image/png,The Neon Relay Authors,(c) 2026 The Neon Relay Authors,Zlib,https://github.com/Leo88q/neon-relay (generated by scripts/build_neon_skins.py / build_neon_skins_all.py),"original Neon Relay skin artwork, created for this project (BL-15)",ship
data/skins7/body/greensward.png,eb38f9cc7573ed527ce999f5c9b03adc50041c7446985f53c47563b918e814f5,image/png,The Neon Relay Authors,(c) 2026 The Neon Relay Authors,Zlib,https://github.com/Leo88q/neon-relay (generated by scripts/build_neon_skins.py / build_neon_skins_all.py),"original Neon Relay skin artwork, created for this project (BL-15)",ship
data/skins7/body/hippo.png,70016062418349008826dfdefbcb52c926c6312ff60bcd97db85cfe2b550b520,image/png,The Neon Relay Authors,(c) 2026 The Neon Relay Authors,Zlib,https://github.com/Leo88q/neon-relay (generated by scripts/build_neon_skins.py / build_neon_skins_all.py),"original Neon Relay skin artwork, created for this project (BL-15)",ship
data/skins7/body/kitty.png,30bad7234a44fcf79c00e45939741a6d071d412837a9bf792b1e80406fa6cb31,image/png,The Neon Relay Authors,(c) 2026 The Neon Relay Authors,Zlib,https://github.com/Leo88q/neon-relay (generated by scripts/build_neon_skins.py / build_neon_skins_all.py),"original Neon Relay skin artwork, created for this project (BL-15)",ship
data/skins7/body/koala.png,4c5cb8163b74a5fefceaf3b79c363e356824145b015547a8894b2f0ee0ec7988,image/png,The Neon Relay Authors,(c) 2026 The Neon Relay Authors,Zlib,https://github.com/Leo88q/neon-relay (generated by scripts/build_neon_skins.py / build_neon_skins_all.py),"original Neon Relay skin artwork, created for this project (BL-15)",ship
data/skins7/body/monkey.png,4c5cb8163b74a5fefceaf3b79c363e356824145b015547a8894b2f0ee0ec7988,image/png,The Neon Relay Authors,(c) 2026 The Neon Relay Authors,Zlib,https://github.com/Leo88q/neon-relay (generated by scripts/build_neon_skins.py / build_neon_skins_all.py),"original Neon Relay skin artwork, created for this project (BL-15)",ship
data/skins7/body/mouse.png,70016062418349008826dfdefbcb52c926c6312ff60bcd97db85cfe2b550b520,image/png,The Neon Relay Authors,(c) 2026 The Neon Relay Authors,Zlib,https://github.com/Leo88q/neon-relay (generated by scripts/build_neon_skins.py / build_neon_skins_all.py),"original Neon Relay skin artwork, created for this project (BL-15)",ship
data/skins7/body/piglet.png,8508e126ee3ffd84e1801b82d545abc3f44695c543d8b2a182e51b8acf12dbd8,image/png,The Neon Relay Authors,(c) 2026 The Neon Relay Authors,Zlib,https://github.com/Leo88q/neon-relay (generated by scripts/build_neon_skins.py / build_neon_skins_all.py),"original Neon Relay skin artwork, created for this project (BL-15)",ship
data/skins7/body/raccoon.png,e8e34d18f0c2ecc25fc5bb8b4fef7f8868388fcfc6b9901a2d5fa4cde43d3da8,image/png,The Neon Relay Authors,(c) 2026 The Neon Relay Authors,Zlib,https://github.com/Leo88q/neon-relay (generated by scripts/build_neon_skins.py / build_neon_skins_all.py),"original Neon Relay skin artwork, created for this project (BL-15)",ship
data/skins7/body/spiky.png,8508e126ee3ffd84e1801b82d545abc3f44695c543d8b2a182e51b8acf12dbd8,image/png,The Neon Relay Authors,(c) 2026 The Neon Relay Authors,Zlib,https://github.com/Leo88q/neon-relay (generated by scripts/build_neon_skins.py / build_neon_skins_all.py),"original Neon Relay skin artwork, created for this project (BL-15)",ship
data/skins7/body/standard.png,70016062418349008826dfdefbcb52c926c6312ff60bcd97db85cfe2b550b520,image/png,The Neon Relay Authors,(c) 2026 The Neon Relay Authors,Zlib,https://github.com/Leo88q/neon-relay (generated by scripts/build_neon_skins.py / build_neon_skins_all.py),"original Neon Relay skin artwork, created for this project (BL-15)",ship
data/skins7/body/x_ninja.png,ec7b4baf47b527e6c278f7e1f66d7577a2af68d1d04f82d27ad9a692d13bda2d,image/png,The Neon Relay Authors,(c) 2026 The Neon Relay Authors,Zlib,https://github.com/Leo88q/neon-relay (generated by scripts/build_neon_skins.py / build_neon_skins_all.py),"original Neon Relay skin artwork, created for this project (BL-15)",ship
data/skins7/bot.png,6e5bc0046f8c25d162f63d3fddea33b7ea548d24057f31cf33f3a02107d86436,image/png,The Neon Relay Authors,(c) 2026 The Neon Relay Authors,Zlib,https://github.com/Leo88q/neon-relay (generated by scripts/build_neon_skins.py / build_neon_skins_all.py),"original Neon Relay skin artwork, created for this project (BL-15)",ship
data/skins7/brownbear.json,c58f5bc1cbffd6bec9e1b7ccf092093dec865763e5659c384a3f5eecc11dc97b,application/json,The Neon Relay Authors,(c) 2026 The Neon Relay Authors,Zlib,https://github.com/Leo88q/neon-relay (generated by scripts/build_neon_skins.py / build_neon_skins_all.py),"original Neon Relay skin artwork, created for this project (BL-15)",ship
data/skins7/bumbler.json,628b639254cfe42a29d6204f22bd61ff9ba3bcb9b9fc23d36a850687ad9f27f9,application/json,The Neon Relay Authors,(c) 2026 The Neon Relay Authors,Zlib,https://github.com/Leo88q/neon-relay (generated by scripts/build_neon_skins.py / build_neon_skins_all.py),"original Neon Relay skin artwork, created for this project (BL-15)",ship
data/skins7/cammo.json,c43343fe44d7636fa07023c36d1cf321e11f2defae1403f8df181a39dd5709f2,application/json,The Neon Relay Authors,(c) 2026 The Neon Relay Authors,Zlib,https://github.com/Leo88q/neon-relay (generated by scripts/build_neon_skins.py / build_neon_skins_all.py),"original Neon Relay skin artwork, created for this project (BL-15)",ship
data/skins7/cammostripes.json,fc2d7d0b13580142c2e0893a6a8ea8288092b7a75f9ee23831d1f29f572d2960,application/json,The Neon Relay Authors,(c) 2026 The Neon Relay Authors,Zlib,https://github.com/Leo88q/neon-relay (generated by scripts/build_neon_skins.py / build_neon_skins_all.py),"original Neon Relay skin artwork, created for this project (BL-15)",ship
data/skins7/cavebat.json,90fd768710812a72d7fcbb91367053971e09ddebb40fe6caea3e328ff60efef4,application/json,The Neon Relay Authors,(c) 2026 The Neon Relay Authors,Zlib,https://github.com/Leo88q/neon-relay (generated by scripts/build_neon_skins.py / build_neon_skins_all.py),"original Neon Relay skin artwork, created for this project (BL-15)",ship
data/skins7/decoration/hair.png,d6786ac095de8aad1eeb5e07722bfe145376a2290a0dc1d4f80f33f69ffd6064,image/png,The Neon Relay Authors,(c) 2026 The Neon Relay Authors,Zlib,https://github.com/Leo88q/neon-relay (generated by scripts/build_neon_skins.py / build_neon_skins_all.py),"original Neon Relay skin artwork, created for this project (BL-15)",ship
data/skins7/decoration/twinbopp.png,872616f87df47172b625a9902e2daa974a8a64ace83995fdc9387992f8614e2b,image/png,The Neon Relay Authors,(c) 2026 The Neon Relay Authors,Zlib,https://github.com/Leo88q/neon-relay (generated by scripts/build_neon_skins.py / build_neon_skins_all.py),"original Neon Relay skin artwork, created for this project (BL-15)",ship
data/skins7/decoration/twinmello.png,d6786ac095de8aad1eeb5e07722bfe145376a2290a0dc1d4f80f33f69ffd6064,image/png,The Neon Relay Authors,(c) 2026 The Neon Relay Authors,Zlib,https://github.com/Leo88q/neon-relay (generated by scripts/build_neon_skins.py / build_neon_skins_all.py),"original Neon Relay skin artwork, created for this project (BL-15)",ship
data/skins7/decoration/twinpen.png,48005b22755920ca5b708dfb9ef608b6e1e66f596f7174a6fab764145e8e0d9e,image/png,The Neon Relay Authors,(c) 2026 The Neon Relay Authors,Zlib,https://github.com/Leo88q/neon-relay (generated by scripts/build_neon_skins.py / build_neon_skins_all.py),"original Neon Relay skin artwork, created for this project (BL-15)",ship
data/skins7/decoration/unibop.png,872616f87df47172b625a9902e2daa974a8a64ace83995fdc9387992f8614e2b,image/png,The Neon Relay Authors,(c) 2026 The Neon Relay Authors,Zlib,https://github.com/Leo88q/neon-relay (generated by scripts/build_neon_skins.py / build_neon_skins_all.py),"original Neon Relay skin artwork, created for this project (BL-15)",ship
data/skins7/decoration/unimelo.png,4a6edea1636cb80c52f378029143128332b6c6b13951a41ae24181cf9ea4b592,image/png,The Neon Relay Authors,(c) 2026 The Neon Relay Authors,Zlib,https://github.com/Leo88q/neon-relay (generated by scripts/build_neon_skins.py / build_neon_skins_all.py),"original Neon Relay skin artwork, created for this project (BL-15)",ship
data/skins7/decoration/unipento.png,48005b22755920ca5b708dfb9ef608b6e1e66f596f7174a6fab764145e8e0d9e,image/png,The Neon Relay Authors,(c) 2026 The Neon Relay Authors,Zlib,https://github.com/Leo88q/neon-relay (generated by scripts/build_neon_skins.py / build_neon_skins_all.py),"original Neon Relay skin artwork, created for this project (BL-15)",ship
data/skins7/default.json,bc617679ef64501de0a5b141e28da0c067298d401ddd3a7b5a5a2098878d75c0,application/json,The Neon Relay Authors,(c) 2026 The Neon Relay Authors,Zlib,https://github.com/Leo88q/neon-relay (generated by scripts/build_neon_skins.py / build_neon_skins_all.py),"original Neon Relay skin artwork, created for this project (BL-15)",ship
data/skins7/eyes/colorable.png,5ac7b59ca0cfffdcbe4e1a7ab16f2ca72667584d4a908f6742ec2db2da9ed5bf,image/png,The Neon Relay Authors,(c) 2026 The Neon Relay Authors,Zlib,https://github.com/Leo88q/neon-relay (generated by scripts/build_neon_skins.py / build_neon_skins_all.py),"original Neon Relay skin artwork, created for this project (BL-15)",ship
data/skins7/eyes/negative.png,b9c832c6d61080a3078d696c7def933630e1425a85e4dc70606a9fd56d9c9e4e,image/png,The Neon Relay Authors,(c) 2026 The Neon Relay Authors,Zlib,https://github.com/Leo88q/neon-relay (generated by scripts/build_neon_skins.py / build_neon_skins_all.py),"original Neon Relay skin artwork, created for this project (BL-15)",ship
data/skins7/eyes/standard.png,3c2b7a135422dc62eaf48a0c00cb803258bbae35023487726b7081b6690055c5,image/png,The Neon Relay Authors,(c) 2026 The Neon Relay Authors,Zlib,https://github.com/Leo88q/neon-relay (generated by scripts/build_neon_skins.py / build_neon_skins_all.py),"original Neon Relay skin artwork, created for this project (BL-15)",ship
data/skins7/eyes/standardreal.png,c48b1c96cbcf95c221f209a28da97090240620130dbc6e1bad5c05aafce001a1,image/png,The Neon Relay Authors,(c) 2026 The Neon Relay Authors,Zlib,https://github.com/Leo88q/neon-relay (generated by scripts/build_neon_skins.py / build_neon_skins_all.py),"original Neon Relay skin artwork, created for this project (BL-15)",ship
data/skins7/eyes/x_ninja.png,6cf5ce59d3fbffb243daa2f5fb470ff5d23047d8a679e1472ea6b74228df12e4,image/png,The Neon Relay Authors,(c) 2026 The Neon Relay Authors,Zlib,https://github.com/Leo88q/neon-relay (generated by scripts/build_neon_skins.py / build_neon_skins_all.py),"original Neon Relay skin artwork, created for this project (BL-15)",ship
data/skins7/feet/standard.png,25cd627080423716ce98b42afd4a272db55913e308a0b481f36adfd91af1c6a1,image/png,The Neon Relay Authors,(c) 2026 The Neon Relay Authors,Zlib,https://github.com/Leo88q/neon-relay (generated by scripts/build_neon_skins.py / build_neon_skins_all.py),"original Neon Relay skin artwork, created for this project (BL-15)",ship
data/skins7/force.json,d267826bb19f6ee1e6d9fdd0c85426f4adfbd72c011db0df8f26cec86e10691a,application/json,The Neon Relay Authors,(c) 2026 The Neon Relay Authors,Zlib,https://github.com/Leo88q/neon-relay (generated by scripts/build_neon_skins.py / build_neon_skins_all.py),"original Neon Relay skin artwork, created for this project (BL-15)",ship
data/skins7/fox.json,4fa5f188c3c764d9d32fb65e26026aae991f6025b87edcd66fe04d5cb7fd208c,application/json,The Neon Relay Authors,(c) 2026 The Neon Relay Authors,Zlib,https://github.com/Leo88q/neon-relay (generated by scripts/build_neon_skins.py / build_neon_skins_all.py),"original Neon Relay skin artwork, created for this project (BL-15)",ship
data/skins7/greensward.json,020447ed7db70fbda00d2df819264d7ff1f4969a92e5149b733354047ec2e805,application/json,The Neon Relay Authors,(c) 2026 The Neon Relay Authors,Zlib,https://github.com/Leo88q/neon-relay (generated by scripts/build_neon_skins.py / build_neon_skins_all.py),"original Neon Relay skin artwork, created for this project (BL-15)",ship
data/skins7/greycoon.json,41a8216fe86a62882c87b152a8ab963670bfa1ef31003abf6750421f122dc1db,application/json,The Neon Relay Authors,(c) 2026 The Neon Relay Authors,Zlib,https://github.com/Leo88q/neon-relay (generated by scripts/build_neon_skins.py / build_neon_skins_all.py),"original Neon Relay skin artwork, created for this project (BL-15)",ship
data/skins7/greyfox.json,6056fc7ab35913979bcd2ba13ec3a275b90f6ec94a4ee809811446452f4e03e4,application/json,The Neon Relay Authors,(c) 2026 The Neon Relay Authors,Zlib,https://github.com/Leo88q/neon-relay (generated by scripts/build_neon_skins.py / build_neon_skins_all.py),"original Neon Relay skin artwork, created for this project (BL-15)",ship
data/skins7/hands/standard.png,1015ba9d7f9ba83f5438b00ef7ba702c4eece017c03f10359e3b563791fcc3a8,image/png,The Neon Relay Authors,(c) 2026 The Neon Relay Authors,Zlib,https://github.com/Leo88q/neon-relay (generated by scripts/build_neon_skins.py / build_neon_skins_all.py),"original Neon Relay skin artwork, created for this project (BL-15)",ship
data/skins7/hippo.json,8fa9ab521823e4d3fd5a6f9f21e6487888027ce94630d9a28992635fde07a474,application/json,The Neon Relay Authors,(c) 2026 The Neon Relay Authors,Zlib,https://github.com/Leo88q/neon-relay (generated by scripts/build_neon_skins.py / build_neon_skins_all.py),"original Neon Relay skin artwork, created for this project (BL-15)",ship
data/skins7/koala.json,f45eb5787d1058371197a2d3cdec4019de600640664db1ddb8761331a4a8c4e0,application/json,The Neon Relay Authors,(c) 2026 The Neon Relay Authors,Zlib,https://github.com/Leo88q/neon-relay (generated by scripts/build_neon_skins.py / build_neon_skins_all.py),"original Neon Relay skin artwork, created for this project (BL-15)",ship
data/skins7/limedog.json,b6135bfdcf7e7e197b27270fed42452654512904d7e279cc06592f40437986f8,application/json,The Neon Relay Authors,(c) 2026 The Neon Relay Authors,Zlib,https://github.com/Leo88q/neon-relay (generated by scripts/build_neon_skins.py / build_neon_skins_all.py),"original Neon Relay skin artwork, created for this project (BL-15)",ship
data/skins7/limekitty.json,f4cd579b34cac17293b3fa5b322bea0f2e0d8bf00e0c94919de973abd7008825,application/json,The Neon Relay Authors,(c) 2026 The Neon Relay Authors,Zlib,https://github.com/Leo88q/neon-relay (generated by scripts/build_neon_skins.py / build_neon_skins_all.py),"original Neon Relay skin artwork, created for this project (BL-15)",ship
data/skins7/marking/bear.png,2256428ee5dfda3721b8b2e002792efe243717e0ff2e87defd6596f5265ddbc3,image/png,The Neon Relay Authors,(c) 2026 The Neon Relay Authors,Zlib,https://github.com/Leo88q/neon-relay (generated by scripts/build_neon_skins.py / build_neon_skins_all.py),"original Neon Relay skin artwork, created for this project (BL-15)",ship
data/skins7/marking/belly1.png,014163e917030d01ad57880cca3e3a12ab4324fb617566673013d7972840a65d,image/png,The Neon Relay Authors,(c) 2026 The Neon Relay Authors,Zlib,https://github.com/Leo88q/neon-relay (generated by scripts/build_neon_skins.py / build_neon_skins_all.py),"original Neon Relay skin artwork, created for this project (BL-15)",ship
data/skins7/marking/belly2.png,2256428ee5dfda3721b8b2e002792efe243717e0ff2e87defd6596f5265ddbc3,image/png,The Neon Relay Authors,(c) 2026 The Neon Relay Authors,Zlib,https://github.com/Leo88q/neon-relay (generated by scripts/build_neon_skins.py / build_neon_skins_all.py),"original Neon Relay skin artwork, created for this project (BL-15)",ship
data/skins7/marking/blush.png,ad072e01e028c48e12efe2e22afd6ee5227a18f1216e384ae1d7b624b738ccbf,image/png,The Neon Relay Authors,(c) 2026 The Neon Relay Authors,Zlib,https://github.com/Leo88q/neon-relay (generated by scripts/build_neon_skins.py / build_neon_skins_all.py),"original Neon Relay skin artwork, created for this project (BL-15)",ship
data/skins7/marking/bug.png,879f8a97ce50a64cacd741068f9f9b1faa4e07d4a06de39ed689d71ca284c6e7,image/png,The Neon Relay Authors,(c) 2026 The Neon Relay Authors,Zlib,https://github.com/Leo88q/neon-relay (generated by scripts/build_neon_skins.py / build_neon_skins_all.py),"original Neon Relay skin artwork, created for this project (BL-15)",ship
data/skins7/marking/cammo1.png,ad072e01e028c48e12efe2e22afd6ee5227a18f1216e384ae1d7b624b738ccbf,image/png,The Neon Relay Authors,(c) 2026 The Neon Relay Authors,Zlib,https://github.com/Leo88q/neon-relay (generated by scripts/build_neon_skins.py / build_neon_skins_all.py),"original Neon Relay skin artwork, created for this project (BL-15)",ship
data/skins7/marking/cammo2.png,ad072e01e028c48e12efe2e22afd6ee5227a18f1216e384ae1d7b624b738ccbf,image/png,The Neon Relay Authors,(c) 2026 The Neon Relay Authors,Zlib,https://github.com/Leo88q/neon-relay (generated by scripts/build_neon_skins.py / build_neon_skins_all.py),"original Neon Relay skin artwork, created for this project (BL-15)",ship
data/skins7/marking/cammostripes.png,88e2128c2f27787625acd5974a64fe749352e49779e683a9e2c86202afc78233,image/png,The Neon Relay Authors,(c) 2026 The Neon Relay Authors,Zlib,https://github.com/Leo88q/neon-relay (generated by scripts/build_neon_skins.py / build_neon_skins_all.py),"original Neon Relay skin artwork, created for this project (BL-15)",ship
data/skins7/marking/coonfluff.png,17abe3dcd887d7e43ac4ac3dc62428ec1652ccf6cda644809aa7eea3de3a7939,image/png,The Neon Relay Authors,(c) 2026 The Neon Relay Authors,Zlib,https://github.com/Leo88q/neon-relay (generated by scripts/build_neon_skins.py / build_neon_skins_all.py),"original Neon Relay skin artwork, created for this project (BL-15)",ship
data/skins7/marking/donny.png,014163e917030d01ad57880cca3e3a12ab4324fb617566673013d7972840a65d,image/png,The Neon Relay Authors,(c) 2026 The Neon Relay Authors,Zlib,https://github.com/Leo88q/neon-relay (generated by scripts/build_neon_skins.py / build_neon_skins_all.py),"original Neon Relay skin artwork, created for this project (BL-15)",ship
data/skins7/marking/downdony.png,3d385e0e74ca299d1ebec3e8444258657c220ee0581629aedae8286c1317b82d,image/png,The Neon Relay Authors,(c) 2026 The Neon Relay Authors,Zlib,https://github.com/Leo88q/neon-relay (generated by scripts/build_neon_skins.py / build_neon_skins_all.py),"original Neon Relay skin artwork, created for this project (BL-15)",ship
data/skins7/marking/duodonny.png,014163e917030d01ad57880cca3e3a12ab4324fb617566673013d7972840a65d,image/png,The Neon Relay Authors,(c) 2026 The Neon Relay Authors,Zlib,https://github.com/Leo88q/neon-relay (generated by scripts/build_neon_skins.py / build_neon_skins_all.py),"original Neon Relay skin artwork, created for this project (BL-15)",ship
data/skins7/marking/fox.png,0abe6ebaae58bc8a75d4202631ce952c744fd86ddbaaf201ea3a97741d88cdb7,image/png,The Neon Relay Authors,(c) 2026 The Neon Relay Authors,Zlib,https://github.com/Leo88q/neon-relay (generated by scripts/build_neon_skins.py / build_neon_skins_all.py),"original Neon Relay skin artwork, created for this project (BL-15)",ship
data/skins7/marking/hipbel.png,879f8a97ce50a64cacd741068f9f9b1faa4e07d4a06de39ed689d71ca284c6e7,image/png,The Neon Relay Authors,(c) 2026 The Neon Relay Authors,Zlib,https://github.com/Leo88q/neon-relay (generated by scripts/build_neon_skins.py / build_neon_skins_all.py),"original Neon Relay skin artwork, created for this project (BL-15)",ship
data/skins7/marking/lowcross.png,ad072e01e028c48e12efe2e22afd6ee5227a18f1216e384ae1d7b624b738ccbf,image/png,The Neon Relay Authors,(c) 2026 The Neon Relay Authors,Zlib,https://github.com/Leo88q/neon-relay (generated by scripts/build_neon_skins.py / build_neon_skins_all.py),"original Neon Relay skin artwork, created for this project (BL-15)",ship
data/skins7/marking/lowpaint.png,3d385e0e74ca299d1ebec3e8444258657c220ee0581629aedae8286c1317b82d,image/png,The Neon Relay Authors,(c) 2026 The Neon Relay Authors,Zlib,https://github.com/Leo88q/neon-relay (generated by scripts/build_neon_skins.py / build_neon_skins_all.py),"original Neon Relay skin artwork, created for this project (BL-15)",ship
data/skins7/marking/marksman.png,3d385e0e74ca299d1ebec3e8444258657c220ee0581629aedae8286c1317b82d,image/png,The Neon Relay Authors,(c) 2026 The Neon Relay Authors,Zlib,https://github.com/Leo88q/neon-relay (generated by scripts/build_neon_skins.py / build_neon_skins_all.py),"original Neon Relay skin artwork, created for this project (BL-15)",ship
data/skins7/marking/mice.png,2256428ee5dfda3721b8b2e002792efe243717e0ff2e87defd6596f5265ddbc3,image/png,The Neon Relay Authors,(c) 2026 The Neon Relay Authors,Zlib,https://github.com/Leo88q/neon-relay (generated by scripts/build_neon_skins.py / build_neon_skins_all.py),"original Neon Relay skin artwork, created for this project (BL-15)",ship
data/skins7/marking/mixture1.png,88e2128c2f27787625acd5974a64fe749352e49779e683a9e2c86202afc78233,image/png,The Neon Relay Authors,(c) 2026 The Neon Relay Authors,Zlib,https://github.com/Leo88q/neon-relay (generated by scripts/build_neon_skins.py / build_neon_skins_all.py),"original Neon Relay skin artwork, created for this project (BL-15)",ship
data/skins7/marking/mixture2.png,88e2128c2f27787625acd5974a64fe749352e49779e683a9e2c86202afc78233,image/png,The Neon Relay Authors,(c) 2026 The Neon Relay Authors,Zlib,https://github.com/Leo88q/neon-relay (generated by scripts/build_neon_skins.py / build_neon_skins_all.py),"original Neon Relay skin artwork, created for this project (BL-15)",ship
data/skins7/marking/monkey.png,3d385e0e74ca299d1ebec3e8444258657c220ee0581629aedae8286c1317b82d,image/png,The Neon Relay Authors,(c) 2026 The Neon Relay Authors,Zlib,https://github.com/Leo88q/neon-relay (generated by scripts/build_neon_skins.py / build_neon_skins_all.py),"original Neon Relay skin artwork, created for this project (BL-15)",ship
data/skins7/marking/panda1.png,ad072e01e028c48e12efe2e22afd6ee5227a18f1216e384ae1d7b624b738ccbf,image/png,The Neon Relay Authors,(c) 2026 The Neon Relay Authors,Zlib,https://github.com/Leo88q/neon-relay (generated by scripts/build_neon_skins.py / build_neon_skins_all.py),"original Neon Relay skin artwork, created for this project (BL-15)",ship
data/skins7/marking/panda2.png,879f8a97ce50a64cacd741068f9f9b1faa4e07d4a06de39ed689d71ca284c6e7,image/png,The Neon Relay Authors,(c) 2026 The Neon Relay Authors,Zlib,https://github.com/Leo88q/neon-relay (generated by scripts/build_neon_skins.py / build_neon_skins_all.py),"original Neon Relay skin artwork, created for this project (BL-15)",ship
data/skins7/marking/purelove.png,3d385e0e74ca299d1ebec3e8444258657c220ee0581629aedae8286c1317b82d,image/png,The Neon Relay Authors,(c) 2026 The Neon Relay Authors,Zlib,https://github.com/Leo88q/neon-relay (generated by scripts/build_neon_skins.py / build_neon_skins_all.py),"original Neon Relay skin artwork, created for this project (BL-15)",ship
data/skins7/marking/saddo.png,7dd44628a2fa433a4d2d7b967143fcce5c236ba0a6eefd79809d5b586aa6397c,image/png,The Neon Relay Authors,(c) 2026 The Neon Relay Authors,Zlib,https://github.com/Leo88q/neon-relay (generated by scripts/build_neon_skins.py / build_neon_skins_all.py),"original Neon Relay skin artwork, created for this project (BL-15)",ship
data/skins7/marking/setisu.png,17abe3dcd887d7e43ac4ac3dc62428ec1652ccf6cda644809aa7eea3de3a7939,image/png,The Neon Relay Authors,(c) 2026 The Neon Relay Authors,Zlib,https://github.com/Leo88q/neon-relay (generated by scripts/build_neon_skins.py / build_neon_skins_all.py),"original Neon Relay skin artwork, created for this project (BL-15)",ship
data/skins7/marking/sidemarks.png,ad072e01e028c48e12efe2e22afd6ee5227a18f1216e384ae1d7b624b738ccbf,image/png,The Neon Relay Authors,(c) 2026 The Neon Relay Authors,Zlib,https://github.com/Leo88q/neon-relay (generated by scripts/build_neon_skins.py / build_neon_skins_all.py),"original Neon Relay skin artwork, created for this project (BL-15)",ship
data/skins7/marking/singu.png,7dd44628a2fa433a4d2d7b967143fcce5c236ba0a6eefd79809d5b586aa6397c,image/png,The Neon Relay Authors,(c) 2026 The Neon Relay Authors,Zlib,https://github.com/Leo88q/neon-relay (generated by scripts/build_neon_skins.py / build_neon_skins_all.py),"original Neon Relay skin artwork, created for this project (BL-15)",ship
data/skins7/marking/stripe.png,26d4d80e6adb7af9039cc65aa2cd860121e263d66f2c6b81b3879ac434f4d109,image/png,The Neon Relay Authors,(c) 2026 The Neon Relay Authors,Zlib,https://github.com/Leo88q/neon-relay (generated by scripts/build_neon_skins.py / build_neon_skins_all.py),"original Neon Relay skin artwork, created for this project (BL-15)",ship
data/skins7/marking/striped.png,ad072e01e028c48e12efe2e22afd6ee5227a18f1216e384ae1d7b624b738ccbf,image/png,The Neon Relay Authors,(c) 2026 The Neon Relay Authors,Zlib,https://github.com/Leo88q/neon-relay (generated by scripts/build_neon_skins.py / build_neon_skins_all.py),"original Neon Relay skin artwork, created for this project (BL-15)",ship
data/skins7/marking/stripes.png,89fced75a6e1ea62aaa281525f3870b915db7977e25b1be0ee5098c56a89402a,image/png,The Neon Relay Authors,(c) 2026 The Neon Relay Authors,Zlib,https://github.com/Leo88q/neon-relay (generated by scripts/build_neon_skins.py / build_neon_skins_all.py),"original Neon Relay skin artwork, created for this project (BL-15)",ship
data/skins7/marking/stripes2.png,3d385e0e74ca299d1ebec3e8444258657c220ee0581629aedae8286c1317b82d,image/png,The Neon Relay Authors,(c) 2026 The Neon Relay Authors,Zlib,https://github.com/Leo88q/neon-relay (generated by scripts/build_neon_skins.py / build_neon_skins_all.py),"original Neon Relay skin artwork, created for this project (BL-15)",ship
data/skins7/marking/thunder.png,17abe3dcd887d7e43ac4ac3dc62428ec1652ccf6cda644809aa7eea3de3a7939,image/png,The Neon Relay Authors,(c) 2026 The Neon Relay Authors,Zlib,https://github.com/Leo88q/neon-relay (generated by scripts/build_neon_skins.py / build_neon_skins_all.py),"original Neon Relay skin artwork, created for this project (BL-15)",ship
data/skins7/marking/tiger1.png,0abe6ebaae58bc8a75d4202631ce952c744fd86ddbaaf201ea3a97741d88cdb7,image/png,The Neon Relay Authors,(c) 2026 The Neon Relay Authors,Zlib,https://github.com/Leo88q/neon-relay (generated by scripts/build_neon_skins.py / build_neon_skins_all.py),"original Neon Relay skin artwork, created for this project (BL-15)",ship
data/skins7/marking/tiger2.png,88e2128c2f27787625acd5974a64fe749352e49779e683a9e2c86202afc78233,image/png,The Neon Relay Authors,(c) 2026 The Neon Relay Authors,Zlib,https://github.com/Leo88q/neon-relay (generated by scripts/build_neon_skins.py / build_neon_skins_all.py),"original Neon Relay skin artwork, created for this project (BL-15)",ship
data/skins7/marking/toptri.png,4c56d5252388ba6639c176095d4d37b274c83f56bd83cacce9b53bac52088678,image/png,The Neon Relay Authors,(c) 2026 The Neon Relay Authors,Zlib,https://github.com/Leo88q/neon-relay (generated by scripts/build_neon_skins.py / build_neon_skins_all.py),"original Neon Relay skin artwork, created for this project (BL-15)",ship
data/skins7/marking/triangular.png,7dd44628a2fa433a4d2d7b967143fcce5c236ba0a6eefd79809d5b586aa6397c,image/png,The Neon Relay Authors,(c) 2026 The Neon Relay Authors,Zlib,https://github.com/Leo88q/neon-relay (generated by scripts/build_neon_skins.py / build_neon_skins_all.py),"original Neon Relay skin artwork, created for this project (BL-15)",ship
data/skins7/marking/tricircular.png,014163e917030d01ad57880cca3e3a12ab4324fb617566673013d7972840a65d,image/png,The Neon Relay Authors,(c) 2026 The Neon Relay Authors,Zlib,https://github.com/Leo88q/neon-relay (generated by scripts/build_neon_skins.py / build_neon_skins_all.py),"original Neon Relay skin artwork, created for this project (BL-15)",ship
data/skins7/marking/tripledon.png,7dd44628a2fa433a4d2d7b967143fcce5c236ba0a6eefd79809d5b586aa6397c,image/png,The Neon Relay Authors,(c) 2026 The Neon Relay Authors,Zlib,https://github.com/Leo88q/neon-relay (generated by scripts/build_neon_skins.py / build_neon_skins_all.py),"original Neon Relay skin artwork, created for this project (BL-15)",ship
data/skins7/marking/tritri.png,3d385e0e74ca299d1ebec3e8444258657c220ee0581629aedae8286c1317b82d,image/png,The Neon Relay Authors,(c) 2026 The Neon Relay Authors,Zlib,https://github.com/Leo88q/neon-relay (generated by scripts/build_neon_skins.py / build_neon_skins_all.py),"original Neon Relay skin artwork, created for this project (BL-15)",ship
data/skins7/marking/twinbelly.png,062f9ff61bf00fbb118f4b7c85517e7807559a510eb691991f5f1ca7648e6510,image/png,The Neon Relay Authors,(c) 2026 The Neon Relay Authors,Zlib,https://github.com/Leo88q/neon-relay (generated by scripts/build_neon_skins.py / build_neon_skins_all.py),"original Neon Relay skin artwork, created for this project (BL-15)",ship
data/skins7/marking/twincross.png,0abe6ebaae58bc8a75d4202631ce952c744fd86ddbaaf201ea3a97741d88cdb7,image/png,The Neon Relay Authors,(c) 2026 The Neon Relay Authors,Zlib,https://github.com/Leo88q/neon-relay (generated by scripts/build_neon_skins.py / build_neon_skins_all.py),"original Neon Relay skin artwork, created for this project (BL-15)",ship
data/skins7/marking/twintri.png,3d385e0e74ca299d1ebec3e8444258657c220ee0581629aedae8286c1317b82d,image/png,The Neon Relay Authors,(c) 2026 The Neon Relay Authors,Zlib,https://github.com/Leo88q/neon-relay (generated by scripts/build_neon_skins.py / build_neon_skins_all.py),"original Neon Relay skin artwork, created for this project (BL-15)",ship
data/skins7/marking/uppy.png,17abe3dcd887d7e43ac4ac3dc62428ec1652ccf6cda644809aa7eea3de3a7939,image/png,The Neon Relay Authors,(c) 2026 The Neon Relay Authors,Zlib,https://github.com/Leo88q/neon-relay (generated by scripts/build_neon_skins.py / build_neon_skins_all.py),"original Neon Relay skin artwork, created for this project (BL-15)",ship
data/skins7/marking/warpaint.png,0abe6ebaae58bc8a75d4202631ce952c744fd86ddbaaf201ea3a97741d88cdb7,image/png,The Neon Relay Authors,(c) 2026 The Neon Relay Authors,Zlib,https://github.com/Leo88q/neon-relay (generated by scripts/build_neon_skins.py / build_neon_skins_all.py),"original Neon Relay skin artwork, created for this project (BL-15)",ship
data/skins7/marking/warstripes.png,88e2128c2f27787625acd5974a64fe749352e49779e683a9e2c86202afc78233,image/png,The Neon Relay Authors,(c) 2026 The Neon Relay Authors,Zlib,https://github.com/Leo88q/neon-relay (generated by scripts/build_neon_skins.py / build_neon_skins_all.py),"original Neon Relay skin artwork, created for this project (BL-15)",ship
data/skins7/marking/whisker.png,0abe6ebaae58bc8a75d4202631ce952c744fd86ddbaaf201ea3a97741d88cdb7,image/png,The Neon Relay Authors,(c) 2026 The Neon Relay Authors,Zlib,https://github.com/Leo88q/neon-relay (generated by scripts/build_neon_skins.py / build_neon_skins_all.py),"original Neon Relay skin artwork, created for this project (BL-15)",ship
data/skins7/marking/wildpaint.png,91af317f5541091edb6281f6ef57bb14f6cffc833c421216b64b6fafbff9d87a,image/png,The Neon Relay Authors,(c) 2026 The Neon Relay Authors,Zlib,https://github.com/Leo88q/neon-relay (generated by scripts/build_neon_skins.py / build_neon_skins_all.py),"original Neon Relay skin artwork, created for this project (BL-15)",ship
data/skins7/marking/wildpatch.png,ad072e01e028c48e12efe2e22afd6ee5227a18f1216e384ae1d7b624b738ccbf,image/png,The Neon Relay Authors,(c) 2026 The Neon Relay Authors,Zlib,https://github.com/Leo88q/neon-relay (generated by scripts/build_neon_skins.py / build_neon_skins_all.py),"original Neon Relay skin artwork, created for this project (BL-15)",ship
data/skins7/marking/yinyang.png,ad072e01e028c48e12efe2e22afd6ee5227a18f1216e384ae1d7b624b738ccbf,image/png,The Neon Relay Authors,(c) 2026 The Neon Relay Authors,Zlib,https://github.com/Leo88q/neon-relay (generated by scripts/build_neon_skins.py / build_neon_skins_all.py),"original Neon Relay skin artwork, created for this project (BL-15)",ship
data/skins7/monkey.json,78999966029887496c4a7887091583621aa9b8acd30077667180722736eed297,application/json,The Neon Relay Authors,(c) 2026 The Neon Relay Authors,Zlib,https://github.com/Leo88q/neon-relay (generated by scripts/build_neon_skins.py / build_neon_skins_all.py),"original Neon Relay skin artwork, created for this project (BL-15)",ship
data/skins7/paintgre.json,7936ae09c44e7be4563f1d9aa8530e6268cea9fe5a152b90c8aacefca1900daa,application/json,The Neon Relay Authors,(c) 2026 The Neon Relay Authors,Zlib,https://github.com/Leo88q/neon-relay (generated by scripts/build_neon_skins.py / build_neon_skins_all.py),"original Neon Relay skin artwork, created for this project (BL-15)",ship
data/skins7/pandabear.json,8855ff5024a3d20bd3c3f63f053578faf7d7fa2a0a392c44626a6ad3a729eb54,application/json,The Neon Relay Authors,(c) 2026 The Neon Relay Authors,Zlib,https://github.com/Leo88q/neon-relay (generated by scripts/build_neon_skins.py / build_neon_skins_all.py),"original Neon Relay skin artwork, created for this project (BL-15)",ship
data/skins7/panther.json,a1e7391828211d58af691ee0ce1c12821a33b7cf0815bee3dc4ad2815b6e9b6a,application/json,The Neon Relay Authors,(c) 2026 The Neon Relay Authors,Zlib,https://github.com/Leo88q/neon-relay (generated by scripts/build_neon_skins.py / build_neon_skins_all.py),"original Neon Relay skin artwork, created for this project (BL-15)",ship
data/skins7/pento.json,735598b33db7242aae83d9fabcca67ed9f063f38865d23b9edda5a2e59920c05,application/json,The Neon Relay Authors,(c) 2026 The Neon Relay Authors,Zlib,https://github.com/Leo88q/neon-relay (generated by scripts/build_neon_skins.py / build_neon_skins_all.py),"original Neon Relay skin artwork, created for this project (BL-15)",ship
data/skins7/piggy.json,76e0fbecee49b2cc86e2ae4de588d3561e436349605a26b3e97a36a67421d3a5,application/json,The Neon Relay Authors,(c) 2026 The Neon Relay Authors,Zlib,https://github.com/Leo88q/neon-relay (generated by scripts/build_neon_skins.py / build_neon_skins_all.py),"original Neon Relay skin artwork, created for this project (BL-15)",ship
data/skins7/pinky.json,d99e672c59840d3fea760bbce6c50e6937c521e60734d42c17bc437868b1c9b2,application/json,The Neon Relay Authors,(c) 2026 The Neon Relay Authors,Zlib,https://github.com/Leo88q/neon-relay (generated by scripts/build_neon_skins.py / build_neon_skins_all.py),"original Neon Relay skin artwork, created for this project (BL-15)",ship
data/skins7/raccoon.json,8b74e07d373ded5ffe4f65355068187d549dbf620bac40326b692c5c3a4ddab8,application/json,The Neon Relay Authors,(c) 2026 The Neon Relay Authors,Zlib,https://github.com/Leo88q/neon-relay (generated by scripts/build_neon_skins.py / build_neon_skins_all.py),"original Neon Relay skin artwork, created for this project (BL-15)",ship
data/skins7/redbopp.json,8a84dd136cc015d3a3bef2447af5b68b745bbdc0696f1f92f36444cdcb4a283d,application/json,The Neon Relay Authors,(c) 2026 The Neon Relay Authors,Zlib,https://github.com/Leo88q/neon-relay (generated by scripts/build_neon_skins.py / build_neon_skins_all.py),"original Neon Relay skin artwork, created for this project (BL-15)",ship
data/skins7/redstripe.json,12638f992adfa906c5796f838e39c50381118cf89ddd55c9e30a2f8503a255e9,application/json,The Neon Relay Authors,(c) 2026 The Neon Relay Authors,Zlib,https://github.com/Leo88q/neon-relay (generated by scripts/build_neon_skins.py / build_neon_skins_all.py),"original Neon Relay skin artwork, created for this project (BL-15)",ship
data/skins7/saddo.json,eeea700a948783f3e394e742b9b711819813058a0046adffe8f9b4402d8975b7,application/json,The Neon Relay Authors,(c) 2026 The Neon Relay Authors,Zlib,https://github.com/Leo88q/neon-relay (generated by scripts/build_neon_skins.py / build_neon_skins_all.py),"original Neon Relay skin artwork, created for this project (BL-15)",ship
data/skins7/setisu.json,d54e6d07117b509360b3daf8bddfb1a26d2cadbf55cc5f18fa4e7186aefb44f2,application/json,The Neon Relay Authors,(c) 2026 The Neon Relay Authors,Zlib,https://github.com/Leo88q/neon-relay (generated by scripts/build_neon_skins.py / build_neon_skins_all.py),"original Neon Relay skin artwork, created for this project (BL-15)",ship
data/skins7/snowti.json,0d284ce7471731a5559d45cf07a9df12684df6f65144932fecbc6097d6d4abad,application/json,The Neon Relay Authors,(c) 2026 The Neon Relay Authors,Zlib,https://github.com/Leo88q/neon-relay (generated by scripts/build_neon_skins.py / build_neon_skins_all.py),"original Neon Relay skin artwork, created for this project (BL-15)",ship
data/skins7/spiky.json,d4dfc1237608adf717e35f7767805aec1574ed7d992fd8af1565a5384d94f4c7,application/json,The Neon Relay Authors,(c) 2026 The Neon Relay Authors,Zlib,https://github.com/Leo88q/neon-relay (generated by scripts/build_neon_skins.py / build_neon_skins_all.py),"original Neon Relay skin artwork, created for this project (BL-15)",ship
data/skins7/swardy.json,9fc3ef7506b6773e6bedf6b8a2c5d6d4f2fcf0780ec999fe812b6ad078042706,application/json,The Neon Relay Authors,(c) 2026 The Neon Relay Authors,Zlib,https://github.com/Leo88q/neon-relay (generated by scripts/build_neon_skins.py / build_neon_skins_all.py),"original Neon Relay skin artwork, created for this project (BL-15)",ship
data/skins7/tiger.json,5d95ad0bd4bb9879b7e326929e263487416d0a55b978a866ff9bfcc4f55585ed,application/json,The Neon Relay Authors,(c) 2026 The Neon Relay Authors,Zlib,https://github.com/Leo88q/neon-relay (generated by scripts/build_neon_skins.py / build_neon_skins_all.py),"original Neon Relay skin artwork, created for this project (BL-15)",ship
data/skins7/tooxy.json,24053aaecf9b8c65b6416c66143b10a41fb3c459d1f06f49b8358f4d257d191c,application/json,The Neon Relay Authors,(c) 2026 The Neon Relay Authors,Zlib,https://github.com/Leo88q/neon-relay (generated by scripts/build_neon_skins.py / build_neon_skins_all.py),"original Neon Relay skin artwork, created for this project (BL-15)",ship
data/skins7/toptri.json,10dc3f87bc2bb8b6f777e0b8f02869672f8a2ba01cec7062b7ae889a11331d8e,application/json,The Neon Relay Authors,(c) 2026 The Neon Relay Authors,Zlib,https://github.com/Leo88q/neon-relay (generated by scripts/build_neon_skins.py / build_neon_skins_all.py),"original Neon Relay skin artwork, created for this project (BL-15)",ship
data/skins7/twinbop.json,eb79816c52a862bd8c1fa6d14eea803ec36ff7a149584dca6e0412a2389e3df5,application/json,The Neon Relay Authors,(c) 2026 The Neon Relay Authors,Zlib,https://github.com/Leo88q/neon-relay (generated by scripts/build_neon_skins.py / build_neon_skins_all.py),"original Neon Relay skin artwork, created for this project (BL-15)",ship
data/skins7/twintri.json,903b8e3dae1bde4ad12d26bc23af6eff9ba3ad04e4a086980541bb8f5a795e8a,application/json,The Neon Relay Authors,(c) 2026 The Neon Relay Authors,Zlib,https://github.com/Leo88q/neon-relay (generated by scripts/build_neon_skins.py / build_neon_skins_all.py),"original Neon Relay skin artwork, created for this project (BL-15)",ship
data/skins7/warmouse.json,907324c5e15057200072e6b302ccf80b07dcc8f0c5e727ef304c0f85c5fe9bfd,application/json,The Neon Relay Authors,(c) 2026 The Neon Relay Authors,Zlib,https://github.com/Leo88q/neon-relay (generated by scripts/build_neon_skins.py / build_neon_skins_all.py),"original Neon Relay skin artwork, created for this project (BL-15)",ship
data/skins7/warpaint.json,5a0680b4413a0be8a11fa9a70ed13369e0aa1379b433c73b51b79943695804bc,application/json,The Neon Relay Authors,(c) 2026 The Neon Relay Authors,Zlib,https://github.com/Leo88q/neon-relay (generated by scripts/build_neon_skins.py / build_neon_skins_all.py),"original Neon Relay skin artwork, created for this project (BL-15)",ship
data/skins7/x_ninja.json,f7adab2c77a8cd6b617bfa0903b6141430c6534efd83a3f509d7d179f937f36b,application/json,The Neon Relay Authors,(c) 2026 The Neon Relay Authors,Zlib,https://github.com/Leo88q/neon-relay (generated by scripts/build_neon_skins.py / build_neon_skins_all.py),"original Neon Relay skin artwork, created for this project (BL-15)",ship
data/skins7/xmas_hat.png,dec9d843ceb9c83524b50a9248e8e74ddac26c412ff10bb036ba243c0dc98ee2,image/png,The Neon Relay Authors,(c) 2026 The Neon Relay Authors,Zlib,https://github.com/Leo88q/neon-relay (generated by scripts/build_neon_skins.py / build_neon_skins_all.py),"original Neon Relay skin artwork, created for this project (BL-15)",ship
data/strong_weak.png,96902a9f4e3f27747e1a216d63a2bf2c99e45558d1242839eece47c66f923b68,image/png,The Neon Relay Authors,(c) 2026 The Neon Relay Authors,Zlib,https://github.com/Leo88q/neon-relay (generated by scripts/build_neon_misc_sheets.py),"original Neon Relay misc sheet, created for this project (BL-15)",ship
data/themes/nightdrive.png,824ce6285f721a8d74e4c509777cd681b6818b3b4ba4cd1e9e4af3e547f401cf,image/png,The Neon Relay Authors,(c) 2026 The Neon Relay Authors,Zlib,https://github.com/Leo88q/neon-relay (generated by scripts/build_neon_editor_art.py / build_neon_background.py / build_neon_countryflags.py),"original Neon Relay editor/theme/flag artwork, created for this project (BL-16)",ship
data/themes/nightdrive_day.map,818c1d0be18618750f5c118013587a8d40b9899d01d98e2fac767641d9136809,application/x-teeworlds-map,The Neon Relay Authors,(c) 2026 The Neon Relay Authors,Zlib,https://github.com/Leo88q/neon-relay (generated by scripts/build_neon_editor_art.py / build_neon_background.py / build_neon_countryflags.py),"original Neon Relay editor/theme/flag artwork, created for this project (BL-16)",ship
data/themes/nightdrive_night.map,581ab0e4b4b3ded9f5ac7f355175a1f7253ef91fd5bdcd40c8b04fbb7a2029eb,application/x-teeworlds-map,The Neon Relay Authors,(c) 2026 The Neon Relay Authors,Zlib,https://github.com/Leo88q/neon-relay (generated by scripts/build_neon_editor_art.py / build_neon_background.py / build_neon_countryflags.py),"original Neon Relay editor/theme/flag artwork, created for this project (BL-16)",ship
data/themes/none.png,28e57bb6221a4a8fb8cb24f6ae373bb69fc3c1a34da60e7d448dfce55e3b6fb4,image/png,DDNet contributors (no individual author named upstream),Copyright DDNet contributors (no individual author named upstream),CC-BY-SA-3.0,https://github.com/ddnet/ddnet/blob/a853d333ac9e61ebfa2899b4641f8b0658ba60d5/data/themes/none.png,upstream ships no author list for this directory (see docs/UPSTREAM_AUDIT.md §3),block-release
data/touch_controls.json,62d16714dd8e13678a3dcd9133f2c926b77488f3a6d37991e03130426ca04cab,application/json,DDNet contributors (no individual author named upstream),Copyright DDNet contributors (no individual author named upstream),CC-BY-SA-3.0,https://github.com/ddnet/ddnet/blob/a853d333ac9e61ebfa2899b4641f8b0658ba60d5/data/touch_controls.json,upstream ships no author list for this directory (see docs/UPSTREAM_AUDIT.md §3),block-release
data/wordlist.txt,8f5ca830b8bffb6fe39c9736c024a00a6a6411adb3f83a9be8bfeeb6e067ae69,text/plain,DDNet contributors (no individual author named upstream),Copyright DDNet contributors (no individual author named upstream),CC-BY-SA-3.0,https://github.com/ddnet/ddnet/blob/a853d333ac9e61ebfa2899b4641f8b0658ba60d5/data/wordlist.txt,upstream ships no author list for this directory (see docs/UPSTREAM_AUDIT.md §3),block-release
other/dmgbackground.png,183de9d00137fe546d0a74b4fcd5984f3f9be11e553f8126d548e933dc2e84be,image/png,The Neon Relay Authors,(c) 2026 The Neon Relay Authors,Zlib,https://github.com/Leo88q/neon-relay (generated by scripts/build_brand_assets.py),"original Neon Relay artwork, created for this project",ship
other/dmgbackground_single.png,697cff38060758d6d3b41a87aa679df2945ddeb6d80642e1a9a9daa38227c8d3,image/png,The Neon Relay Authors,(c) 2026 The Neon Relay Authors,Zlib,https://github.com/Leo88q/neon-relay (generated by scripts/build_brand_assets.py),"original Neon Relay artwork, created for this project",ship
other/emscripten/background.png,7d32e7b95b43f13d602b85a64de02b2c808629852b0ff940526f0c047db7a1db,image/png,The Neon Relay Authors,(c) 2026 The Neon Relay Authors,Zlib,https://github.com/Leo88q/neon-relay (generated by scripts/build_brand_assets.py),"original Neon Relay artwork, created for this project",ship
other/emscripten/index.html,89a84ef0d1c1c1e77239617e1a7622cb62745fec8164832640a9d23d5871e77b,.html,DDNet contributors (no individual author named upstream),Copyright DDNet contributors (no individual author named upstream),CC-BY-SA-3.0,https://github.com/ddnet/ddnet/blob/a853d333ac9e61ebfa2899b4641f8b0658ba60d5/other/emscripten/index.html,upstream ships no author list for this directory (see docs/UPSTREAM_AUDIT.md §3),block-release
other/emscripten/server.py,f77ce96cfeba90de427616db5e855b12287d36e70ae80574b417fe968ec60261,.py,DDNet contributors (no individual author named upstream),Copyright DDNet contributors (no individual author named upstream),CC-BY-SA-3.0,https://github.com/ddnet/ddnet/blob/a853d333ac9e61ebfa2899b4641f8b0658ba60d5/other/emscripten/server.py,upstream ships no author list for this directory (see docs/UPSTREAM_AUDIT.md §3),block-release
other/icons/NeonRelay-Server.icns,f4c921c7bdf80f649885ad9b3fa658f8e9915f8090dbf7367bd72a7812db733b,image/x-icns,The Neon Relay Authors,(c) 2026 The Neon Relay Authors,Zlib,https://github.com/Leo88q/neon-relay (generated by scripts/build_brand_assets.py),"original Neon Relay artwork, created for this project",ship
other/icons/NeonRelay-Server.ico,16bd6acc869b2764456512a70aab038b7cfed56844fe6923460bcbc8f1e01690,image/x-icon,The Neon Relay Authors,(c) 2026 The Neon Relay Authors,Zlib,https://github.com/Leo88q/neon-relay (generated by scripts/build_brand_assets.py),"original Neon Relay artwork, created for this project",ship
other/icons/NeonRelay-Server.rc,64202e1ee6148d26386f1b15258bc2a959b9127a5bec894acc71b9924a29d51a,.rc,The Neon Relay Authors,(c) 2026 The Neon Relay Authors,Zlib,https://github.com/Leo88q/neon-relay (generated by scripts/build_brand_assets.py),"original Neon Relay artwork, created for this project",ship
other/icons/NeonRelay-Server_16x16x32.png,b3287c043fe0c104c542382d0beff355d916c49100af1cba4d6b9b75c2c601eb,image/png,The Neon Relay Authors,(c) 2026 The Neon Relay Authors,Zlib,https://github.com/Leo88q/neon-relay (generated by scripts/build_brand_assets.py),"original Neon Relay artwork, created for this project",ship
other/icons/NeonRelay-Server_256x256x32.png,cfd0e733913b50de40872055eb197d0054e85242cd8a26f257a53791e3c46071,image/png,The Neon Relay Authors,(c) 2026 The Neon Relay Authors,Zlib,https://github.com/Leo88q/neon-relay (generated by scripts/build_brand_assets.py),"original Neon Relay artwork, created for this project",ship
other/icons/NeonRelay-Server_32x32x32.png,f2b144b0bde038f38b873b3d6b696332a73f6a94e8f710469b8c381396c092f3,image/png,The Neon Relay Authors,(c) 2026 The Neon Relay Authors,Zlib,https://github.com/Leo88q/neon-relay (generated by scripts/build_brand_assets.py),"original Neon Relay artwork, created for this project",ship
other/icons/NeonRelay-Server_48x48x32.png,51d1da4b403915210bc1b2915b84a199e75dee9e379a55900da48d1e40dbfd9c,image/png,The Neon Relay Authors,(c) 2026 The Neon Relay Authors,Zlib,https://github.com/Leo88q/neon-relay (generated by scripts/build_brand_assets.py),"original Neon Relay artwork, created for this project",ship
other/icons/NeonRelay.icns,aab45fc6d3f71b65560436285c71410bc8fcc9fdd8efd8855c22c49c2eedff49,image/x-icns,The Neon Relay Authors,(c) 2026 The Neon Relay Authors,Zlib,https://github.com/Leo88q/neon-relay (generated by scripts/build_brand_assets.py),"original Neon Relay artwork, created for this project",ship
other/icons/NeonRelay.ico,60335c7cd250c2b8b8795c7122bebd28488d8624e6a11c49c6ca5c692e5b71b6,image/x-icon,The Neon Relay Authors,(c) 2026 The Neon Relay Authors,Zlib,https://github.com/Leo88q/neon-relay (generated by scripts/build_brand_assets.py),"original Neon Relay artwork, created for this project",ship
other/icons/NeonRelay.rc,b6827288fe3229a0bfdce4d7183cdb013d9881e54407f721acc01b79d9e255e7,.rc,The Neon Relay Authors,(c) 2026 The Neon Relay Authors,Zlib,https://github.com/Leo88q/neon-relay (generated by scripts/build_brand_assets.py),"original Neon Relay artwork, created for this project",ship
other/icons/NeonRelay_16x16x32.png,b022465381a46982f9b479f8a66f144511886ceb16f77465bf1793bc1d6ebd89,image/png,The Neon Relay Authors,(c) 2026 The Neon Relay Authors,Zlib,https://github.com/Leo88q/neon-relay (generated by scripts/build_brand_assets.py),"original Neon Relay artwork, created for this project",ship
other/icons/NeonRelay_256x256x32.png,7205e944557f4ea543c34893c86817ed1e3036f16b95e93a28386329b9e365ad,image/png,The Neon Relay Authors,(c) 2026 The Neon Relay Authors,Zlib,https://github.com/Leo88q/neon-relay (generated by scripts/build_brand_assets.py),"original Neon Relay artwork, created for this project",ship
other/icons/NeonRelay_32x32x32.png,afc01aa2b3afc853abb2a0105e81e88829f1ba4b4f7187e23e2061bc02ee2423,image/png,The Neon Relay Authors,(c) 2026 The Neon Relay Authors,Zlib,https://github.com/Leo88q/neon-relay (generated by scripts/build_brand_assets.py),"original Neon Relay artwork, created for this project",ship
other/icons/NeonRelay_48x48x32.png,dc91a26c865302f5e8ab6ab474d29289f3d8ad6f9bc88cbf192f65aef728ef91,image/png,The Neon Relay Authors,(c) 2026 The Neon Relay Authors,Zlib,https://github.com/Leo88q/neon-relay (generated by scripts/build_brand_assets.py),"original Neon Relay artwork, created for this project",ship
other/icons/license.txt,a74d290ced4df0e235d4b27db1cec600a6a5c41b1a3cbdd2b8f95da8a203a2bd,text/plain,see file,see file,see file,https://github.com/ddnet/ddnet/blob/a853d333ac9e61ebfa2899b4641f8b0658ba60d5/other/icons/license.txt,third-party license notice shipped with the assets,ship
